DATE,World Equities,US Treasuries,High Yield ,Inflation Protection,Currency Protection,Regime-5,Regime-7,Regime-NBER,US Equities,EAFE Equities,EM Equities,LongTreasuries,Corp Bonds,TIPS(backfilled),Real Estate,Commodities,T-bill
1/1/85,0.028511,0.019243,0.037908,-0.016265,,1,1,1,0.081301,0.02279517,,0.0315,0.029028581,0.002978,0.056605,0.021351,0.006918734
2/1/85,-0.009204,-0.017574808,0.012689,0.006362,,1,1,1,0.030075,-0.005607098,,-0.044692196,-0.025400593,-0.011213,0.016448,-0.015217,0.006440909
3/1/85,0.075134,0.018955789,0.004323,-0.002848,,1,1,1,-0.007299,0.07789491,,0.028719302,0.019404863,0.016108,-0.006716,0.037171,0.007346242
4/1/85,-0.002459,0.020646646,0.018215,0.003089,,1,1,1,-0.012255,-0.003114079,,0.023083753,0.022340807,0.023735,0.000906,-0.035116,0.006648233
5/1/85,0.040245,0.048570306,0.042363,0.004077,,1,1,1,0.064516,0.04280149,,0.086780445,0.063610159,0.052647,0.027241,0.004351,0.006858258
6/1/85,0.022419,0.012060914,0.012712,0.02761,,1,1,1,0.020979,0.02599928,,0.014284447,0.007910639,0.039671,0.023207,-0.046275,0.005417229
7/1/85,0.04848,-0.004447453,0.008399,-0.010178,,1,1,1,0.004566,0.051970337,,-0.014958013,-0.004105955,-0.014626,0.009221,-0.00624,0.006108707
8/1/85,0.027709,0.015331591,0.020119,0.016312,,1,1,1,-0.009091,0.032426247,,0.021934109,0.023752189,0.031644,-0.054684,0.014064,0.005767757
9/1/85,0.048713,0.007526766,0.009599,-0.004868,,1,1,1,-0.027523,0.058835511,,0.002172402,0.000605866,0.002659,-0.031145,0.060092,0.006331675
10/1/85,0.058439,0.019149027,0.002563,0.026578,,1,1,1,0.037736,0.068343896,,0.033902714,0.024362445,0.045727,0.031415,0.075345,0.006184234
11/1/85,0.044028,0.023286895,0.024928,0.018646,,1,1,1,0.054545,0.041350682,,0.04478363,0.025799722,0.041932,-0.016072,0.013692,0.006248343
12/1/85,0.043064,0.0303463,0.037576,0.002057,,1,1,1,0.053879,0.04765636,,0.055787446,0.032879127,0.032404,0.006132,-0.020173,0.005725924
1/1/86,0.023523,0.005607052,0.013204,0.00114,-0.013350483,1,1,1,0.018405,0.02536046,,0.001900707,0.007449462,0.006748,0.038663,-0.11485,0.006700087
2/1/86,0.103886,0.041907625,0.038498,-0.03839,-0.04091741,1,1,1,0.062249,0.111080498,,0.10213993,0.047819147,0.003517,0.037841,-0.026356,0.005506549
3/1/86,0.135545,0.044066965,0.038398,-0.059908,0.003138233,1,1,1,0.045369,0.140899243,,0.090884054,0.024341717,-0.015841,0.024605,0.01838,0.005272962
4/1/86,0.061881,0.003245008,0.015905,-0.001805,-0.049272317,1,1,1,0.001808,0.065749059,,-0.006374653,0.005432473,0.00144,0.005987,0.040201,0.005057637
5/1/86,-0.041809,-0.026466794,0.011,0.064318,0.042795573,1,1,1,0.045126,-0.044234204,,-0.060598361,-0.010987352,0.037851,-0.005707,-0.030005,0.005489994
6/1/86,0.062988,0.035245178,0.011101,-0.02296,-0.037015937,1,1,1,0.025907,0.068439459,,0.065386436,0.018770029,0.012285,0.035197,0.034614,0.005001195
7/1/86,0.056267,0.008510377,-0.010003,-0.023097,-0.028585418,1,1,1,-0.06734,0.06190283,,-0.003363798,0.004523667,-0.014586,0.004531,0.028016,0.005025921
8/1/86,0.09719,0.027941989,0.015401,0.004634,-0.005013972,1,1,1,0.070397,0.098812774,,0.042794371,0.020518326,0.032576,0.041686,0.075423,0.004333404
9/1/86,-0.008612,-0.017293076,0.011997,0.038342,0.000959946,1,1,1,-0.072513,-0.010031709,,-0.038839695,-0.002863906,0.021049,-0.023978,-0.019335,0.004784963
10/1/86,-0.063019,0.014118417,0.023202,-0.022404,0.025791124,1,1,1,0.047273,-0.066577551,,0.019505687,0.01676387,-0.008286,0.036946,0.007634,0.004755435
11/1/86,0.056102,0.012192483,-0.002698,-0.014355,-0.01928419,1,1,1,0.008681,0.057864316,,0.019506419,0.014412129,-0.002162,-0.005541,0.039677,0.004175837
12/1/86,0.051167,0.000518998,-0.002903,0.003733,-0.018119232,1,1,1,-0.024096,0.053246831,,-0.002445137,0.009007473,0.004252,-0.010529,-0.019388,0.004608818
1/1/87,0.108203,0.010706822,0.0414,0.026108,-0.031835507,1,1,1,0.13933,0.106430487,,0.016790245,0.021824838,0.036815,0.021365,0.050863,0.005004707
2/1/87,0.031426,0.008437253,0.0212,0.037493,-0.005705111,1,1,1,0.037152,0.030182926,,0.015548725,0.006035552,0.04593,0.030648,-0.05544,0.00435104
3/1/87,0.084565,-0.012954129,0.006903,0.07142,-0.029229465,1,1,1,0.026866,0.082188553,,-0.031570827,-0.003999562,0.058466,0.001829,0.08456,0.004672709
4/1/87,0.099715,-0.018842826,-0.034799,0.040167,-0.008373193,1,1,1,-0.018895,0.105985063,,-0.035480115,-0.032867594,0.021324,-0.02711,0.05086,0.004712296
5/1/87,-0.000571,-0.004917896,0.007196,0.033259,0.01421562,1,1,1,0.005926,0.000179578,,-0.012897078,-0.004550237,0.028341,-0.009524,0.047262,0.004882703
6/1/87,-0.028603,0.01114796,0.012801,0.020447,0.0052275,1,1,1,0.04271,-0.031676381,,0.011649611,0.014541611,0.031595,0.019903,0.037225,0.004734183
7/1/87,0.004196,-0.003732331,0.002704,0.026326,0.013124412,1,1,1,0.045198,-0.001571428,,-0.01965899,-0.002731471,0.022593,0.000979,0.057272,0.005239528
8/1/87,0.071292,-0.00440849,0.0062,0.019145,-0.029045197,1,1,1,0.024324,0.075188464,,-0.013044325,-0.005619088,0.014737,-0.018997,-0.038489,0.00487834
9/1/87,-0.014865,-0.019613077,-0.031505,0.001029,0.014015265,-1,-1,1,0.009235,-0.015559987,,-0.042214624,-0.02819741,-0.018584,-0.020524,0.017791,0.005347983
10/1/87,-0.145045,0.039101653,-0.032698,-0.010618,-0.038118922,-1,-1,1,-0.227451,-0.139932964,,0.06892764,0.033369371,0.028484,-0.142819,-0.013019,0.005496921
11/1/87,0.007757,0.004254077,0.028798,-0.019806,-0.038069615,-1,-1,1,-0.079526,0.01007618,,0.001091843,0.010660257,-0.015551,0.009546,0.013652,0.00460864
12/1/87,0.030661,0.01144267,0.024104,-0.028017,-0.044094042,1,1,1,0.066176,0.029939973,,0.017578752,0.018913323,-0.016574,0.035518,-0.027027,0.004809866
1/1/88,0.015719,0.034843164,0.033399,-0.031747,0.038595896,1,1,1,0.039655,0.018081326,0.09838,0.062606393,0.039211379,0.003096,0.082366,0.025065,0.00516424
2/1/88,0.066428,0.010343013,0.032397,-0.010081,0.000106601,1,1,1,0.056385,0.066914081,0.00339591,0.011569954,0.01371347,0.000262,0.024088,-0.017153,0.004573721
3/1/88,0.061226,-0.010769434,-0.010401,0.002908,-0.028120833,1,1,1,-0.015699,0.061675477,0.107384925,-0.02915127,-0.00860159,-0.007861,0.002007,0.058485,0.004762671
4/1/88,0.014342,-0.007167424,0.007603,0.015392,0.004663427,1,1,1,0.011164,0.014716724,0.053381512,-0.021387144,-0.007072433,0.008224,0.008221,0.006139,0.005246371
5/1/88,-0.031931,-0.004580922,0.001499,0.012637,0.011865991,1,1,1,0.01735,-0.031832652,0.02996243,-0.008581306,-0.005428163,0.008056,-0.011445,0.063023,0.005239588
6/1/88,-0.022423,0.020588667,0.014601,-0.026705,0.039802706,1,1,1,0.031008,-0.026152966,0.033977026,0.036552712,0.0239344,-0.006117,0.025898,-0.027962,0.005394268
7/1/88,0.029452,-0.006888387,0.006601,-0.001961,0.0079178,1,1,1,-0.001504,0.031579923,-0.025425091,-0.018803316,-0.00226209,-0.008849,0.012632,0.008352,0.00580378
8/1/88,-0.064325,0.001544603,-0.001503,-0.007301,0.017381831,1,1,1,-0.039157,-0.064822985,-0.02678538,0.00330619,0.004221718,-0.005757,-0.006348,-0.009705,0.006103636
9/1/88,0.042613,0.021797798,0.012603,-0.010046,-0.011066692,1,1,1,0.045455,0.043894055,0.064802051,0.036248246,0.021564811,0.011752,-0.003428,-0.034215,0.006450936
10/1/88,0.083755,0.01792872,0.012098,0.005182,-0.039235079,1,1,1,0.02099,0.085797381,-0.006458285,0.029856899,0.017477011,0.023111,-0.007428,0.051347,0.005934758
11/1/88,0.057498,-0.011340374,0.0059,0.008488,-0.030079458,1,1,1,-0.017621,0.05977657,-0.004272851,-0.020128088,-0.009612024,-0.002852,-0.016013,0.06939,0.006491542
12/1/88,0.006279,0.003351598,0.004701,0.001454,0.018406543,1,1,1,0.022422,0.005753275,0.026573191,0.011729692,0.002722529,0.004805,0.001209,0.064265,0.006511299
1/1/89,0.02009,0.01366802,0.017599,-0.005488,0.030313648,1,1,1,0.068713,0.017799956,-0.012604414,0.022552921,0.015239963,0.00818,0.004579,0.011989,0.007585577
2/1/89,0.004121,-0.008289429,0.002202,-0.006118,-0.010282849,1,1,1,-0.02052,0.0053335,0.076505333,-0.020081227,-0.006993007,-0.014407,-0.016532,0.037636,0.00665677
3/1/89,-0.018123,0.006409392,-0.007801,0.005241,0.027470882,1,1,1,0.032123,-0.019434498,0.099634878,0.009785862,0.00384531,0.01165,-0.000274,0.057366,0.008123464
4/1/89,0.009946,0.018855275,0.004202,-0.036155,-0.003200566,1,1,1,0.043302,0.009472324,0.189792673,0.022175351,0.016278723,-0.017299,0.016731,0.048986,0.006740165
5/1/89,-0.052117,0.025642475,0.019399,0.01023,0.049308905,1,1,1,0.045396,-0.054233061,0.013477462,0.039261614,0.031735284,0.035873,0.023771,-0.023663,0.007277222
6/1/89,-0.014679,0.034795458,0.012399,-0.038493,-0.000334075,1,1,1,-0.007444,-0.016611288,-0.121336291,0.058009123,0.029245225,-0.003697,0.008725,0.032658,0.007271463
7/1/89,0.123472,0.021165969,-0.001298,-0.027365,-0.040467287,1,1,1,0.07125,0.125784291,0.065776914,0.022874822,0.024441222,-0.006199,0.023781,-0.033742,0.006373344
8/1/89,-0.042253,-0.017452341,0.0034,-0.008268,0.036123919,1,1,1,0.032672,-0.044787671,0.023210769,-0.026330143,-0.01198073,-0.02572,0.00098,0.040655,0.006827389
9/1/89,0.043313,0.004491433,-0.0168,-0.012176,-0.024877274,1,1,1,-0.00226,0.045735469,0.126039431,0.003157466,0.000827807,-0.007685,-0.011828,0.059497,0.006703651
10/1/89,-0.038112,0.026570391,-0.0237,0.00204,0.002650907,1,1,1,-0.030578,-0.039982519,0.014006088,0.04091786,0.024502363,0.028611,-0.041319,0.005727,0.006381009
11/1/89,0.04918,0.009335372,-0.001999,0.004207,-0.010656798,1,1,1,0.024533,0.050474659,-0.046610111,0.008339836,0.006798074,0.013543,-0.01354,0.015049,0.006423091
12/1/89,0.036733,0.001329559,0.0016,-0.002207,-0.017207893,1,1,1,0.007982,0.037137736,0.122074324,-0.001837969,-0.000281983,-0.000877,-0.011379,0.08277,0.005940812
1/1/90,-0.03838,-0.014435745,-0.021504,0.051219,0.001592238,1,1,1,-0.072398,-0.03700585,0.032903087,-0.035082619,-0.010837373,0.036784,-0.022299,-0.005709,0.007222773
2/1/90,-0.067558,0.000563286,-0.020597,0.006133,0.00943103,1,1,1,0.018293,-0.069582883,0.039218964,-0.005122282,-0.001706462,0.006696,-0.034297,-0.017386,0.00603587
3/1/90,-0.099312,0.000907135,0.026198,0.009048,0.012714692,1,1,1,0.016766,-0.103971024,-0.135295348,-0.001615264,0.003891849,0.009955,0.001661,0.033061,0.007036586
4/1/90,-0.011043,-0.00873725,-0.001701,-0.022093,-0.001996818,1,1,1,-0.020024,-0.007670133,0.072139489,-0.023560342,-0.010578847,-0.03083,-0.015353,-0.008433,0.006274987
5/1/90,0.112225,0.027121349,0.019301,0.007338,-0.008636932,1,1,1,0.092548,0.114406756,0.082138597,0.04421892,0.041696154,0.034459,-0.000319,-0.021393,0.00668436
6/1/90,-0.008631,0.015902125,0.024202,0.005243,-0.013994946,1,-1,1,-0.006601,-0.008568143,0.034554638,0.023107056,0.008109391,0.021145,0.007628,-0.01085,0.006671573
7/1/90,0.014764,0.013110302,0.026899,0.008549,-0.03684186,1,-1,-1,-0.015504,0.014344081,0.08817421,0.01017787,0.015061401,0.02166,-0.017987,0.094352,0.006367803
8/1/90,-0.094435,-0.014821484,-0.056899,0.045341,-0.008681133,1,-1,-1,-0.092238,-0.096837615,-0.127579797,-0.042460298,-0.019559078,0.030519,-0.06107,0.150793,0.006218467
9/1/90,-0.134732,0.010487034,-0.073001,0.034766,-0.011470736,1,-1,-1,-0.02974,-0.139073207,-0.127694311,0.012776831,0.010357281,0.045253,-0.069307,0.185198,0.006347181
10/1/90,0.146651,0.016604782,-0.0525,0.007901,-0.0271297,1,-1,-1,-0.030651,0.156139917,-0.018566262,0.023598674,0.003602143,0.024506,-0.035022,-0.022631,0.006179797
11/1/90,-0.055239,0.021483018,0.031201,-0.01113,0.004314025,1,1,-1,0.067194,-0.058703238,-0.052185189,0.040115998,0.015622516,0.010353,0.06369,-0.083754,0.006292547
12/1/90,0.017532,0.015915115,0.005599,-0.00031,0.005322268,1,1,-1,0.023457,0.016589295,0.042262093,0.02035316,0.014090093,0.015605,0.000385,-0.003184,0.005247679
1/1/91,0.030861,0.010505507,0.027503,-0.010295,-0.015710099,1,1,-1,0.049457,0.032625642,0.080845909,0.011704162,0.019900784,0.000211,0.087627,-0.099607,0.00555654
2/1/91,0.105555,0.003895415,0.109398,-0.014219,0.014045021,1,1,-1,0.086207,0.107492866,0.147940936,0.002160702,0.004171729,-0.010324,0.049184,0.026383,0.00463272
3/1/91,-0.057533,0.005496614,0.058897,0.011089,0.063542337,1,1,-1,0.013757,-0.059790918,0.041097809,0.004042582,0.017491885,0.016586,0.076228,0.025616,0.005089613
4/1/91,0.010216,0.011826752,0.041004,-0.001103,-0.005995668,1,1,1,0.022965,0.010110582,0.010532018,0.014449962,0.014927466,0.010723,0.023763,0.037075,0.00471731
5/1/91,0.012296,0.003389751,0.001801,0.019855,0.010106706,1,1,1,0.026531,0.010729472,0.078460805,-0.001322985,0.00553712,0.023244,0.023599,-0.007,0.005014964
6/1/91,-0.07068,-0.000722976,0.029596,0.006645,0.017501253,1,1,1,-0.027833,-0.07321935,-0.035721509,-0.005961318,-0.000445176,0.005922,-0.025924,-0.0214,0.004341946
7/1/91,0.047698,0.012530644,0.032,-0.010882,-0.014843647,1,1,1,0.029652,0.049403351,0.051844952,0.015325841,0.013891794,0.001649,0.019291,0.041077,0.0048108
8/1/91,-0.019097,0.022056886,0.023004,-0.035015,-0.003004909,1,1,1,0.028798,-0.020063399,0.021070492,0.032770389,0.023426548,-0.012958,0.000602,0.021005,0.004310801
9/1/91,0.053019,0.021729462,0.013897,-0.016519,-0.031416278,1,1,1,-0.008687,0.056658957,-0.038331932,0.032577844,0.021817266,0.005211,0.019315,0.008108,0.004653639
10/1/91,0.015875,0.007983797,0.033402,-0.035574,-0.004114152,1,1,1,0.012658,0.014426453,0.040806422,0.000820546,0.007988297,-0.02759,-0.006179,0.037293,0.004310768
11/1/91,-0.04516,0.010470141,0.005201,0.027675,-0.00720101,1,1,1,-0.022115,-0.046419081,-0.014859131,0.006190047,0.01010101,0.038145,0.000238,-0.058288,0.003926593
12/1/91,0.049315,0.034599989,0.014397,0.022864,-0.033786072,1,1,1,0.094395,0.051956586,0.112357325,0.059685883,0.032681614,0.057464,0.04731,-0.061158,0.003267895
1/1/92,-0.019402,-0.015871493,0.035202,0.021333,0.028424378,1,1,1,0,-0.021066627,0.115766156,-0.031026156,-0.01248871,0.005462,0.049501,0.03111,0.003608183
2/1/92,-0.034484,0.004041035,0.024699,0.03725,0.017979813,1,1,1,0.012579,-0.035517935,0.044426953,0.005832639,0.009591402,0.041291,-0.023214,-0.023654,0.002993501
3/1/92,-0.065118,-0.00620896,0.012399,0.071253,0.012801725,1,1,1,-0.024845,-0.065738914,0.033835492,-0.011203156,0.000397224,0.065044,-0.014879,0.030555,0.003370093
4/1/92,0.003983,0.007194733,0.003802,-0.00058,0.001107309,1,1,1,0.009099,0.005006879,-0.006946428,0.000718104,0.00418139,0.006615,0.002246,0.023131,0.003122735
5/1/92,0.064533,0.017225607,0.0141,-0.024409,-0.023203145,1,1,1,0.014427,0.067242962,-0.003587059,0.025831606,0.015115884,-0.007183,0.032194,0.024252,0.003137382
6/1/92,-0.045005,0.014703338,0.009398,-0.02996,-0.026474043,1,1,1,-0.014222,-0.047100138,-0.099199247,0.014884603,0.020839598,-0.015256,-0.012121,-0.004134,0.003050573
7/1/92,-0.023205,0.024910823,0.015101,0.014853,-0.009737278,1,1,1,0.03156,-0.025273209,0.010873506,0.040628421,0.024735325,0.039764,0.033843,-0.020552,0.002941505
8/1/92,0.058813,0.010392623,0.013096,-0.010412,-0.02679324,1,1,1,-0.019231,0.063061622,-0.046626521,0.008206512,0.010700532,-0.00002,-0.008644,0.010286,0.002517637
9/1/92,-0.021959,0.014083442,0.010179,0.007614,0.02554214,1,1,1,0.003565,-0.019429502,0.003432317,0.014780831,0.01545912,0.021697,0.023854,0.012543,0.002421206
10/1/92,-0.049167,-0.014590728,-0.01408,0.072717,0.049726212,1,1,1,0.024867,-0.052150907,0.053488291,-0.020680493,-0.023845328,0.058126,-0.003281,-0.018662,0.002543973
11/1/92,0.00726,-0.002109135,0.012571,0.034166,0.031143938,1,1,1,0.032929,0.009717167,-0.010772444,0.003930004,0.002508803,0.032057,0.019471,-0.031313,0.002529386
12/1/92,0.006219,0.017004541,0.011416,0.001262,0.005538627,1,1,1,0.017617,0.005475034,0.029395361,0.026813735,0.017527428,0.018267,0.019322,0.012566,0.00268352
1/1/93,-0.000363,0.02263702,0.029088,-0.020057,0.002220539,1,1,1,0.02061,0.000176194,0.004835629,0.030768853,0.02443916,0.00258,0.063691,0.012619,0.002671122
2/1/93,0.031723,0.023351277,0.017644,-0.015876,-0.006735308,1,1,1,-0.005654,0.03050258,0.016769115,0.040269772,0.02653455,0.007475,0.047126,0.010316,0.002279931
3/1/93,0.085248,-0.001848625,0.01285,-0.015815,-0.017339433,1,1,1,0.023558,0.087457224,0.033069947,-0.008574733,-0.001808343,-0.017663,0.069436,0.023566,0.002547795
4/1/93,0.093006,0.009236984,0.008744,0.012304,-0.018096262,1,1,1,-0.019048,0.09517736,0.022997238,0.011492092,0.008403476,0.021541,-0.044077,-0.010415,0.002557906
5/1/93,0.021778,0.003486241,0.011875,0.024463,-0.010023289,1,1,1,0.033172,0.021364077,0.027861967,0.013290783,0.007187598,0.027949,-0.012208,-0.028871,0.002390786
6/1/93,-0.015033,0.017777162,0.020972,-0.028363,0.028350975,1,1,1,-0.003915,-0.015371437,0.029652629,0.03077487,0.019094599,-0.010585,0.029347,-0.035169,0.002563166
7/1/93,0.033995,0.005283857,0.009669,0.012524,0.006866318,1,1,1,0.005503,0.035234934,0.026413797,0.016553566,0.00631866,0.017807,0.016882,-0.00099,0.002695653
8/1/93,0.051768,0.021851262,0.00844,-0.02294,-0.001764064,1,1,1,0.035184,0.054209943,0.084438306,0.039459503,0.024870394,-0.001089,0.023987,-0.004954,0.002518367
9/1/93,-0.023216,0.007345594,0.002581,0.016206,-0.000191528,1,1,1,0.004532,-0.022289993,0.036575184,0.010299499,0.00650311,0.023552,0.04562,0.01091,0.002458529
10/1/93,0.033563,-0.004151354,0.020242,-0.015442,0.011307898,1,1,1,0.015789,0.031037135,0.089722806,-0.006889437,-0.004175623,-0.019593,-0.012592,-0.026294,0.002594848
11/1/93,-0.084719,-0.005129003,0.004803,0.0102,0.012874152,1,1,1,-0.015544,-0.0872005,0.044252376,-0.015655294,-0.005919046,0.005071,-0.047299,-0.056032,0.002590312
12/1/93,0.07182,0.0027341,0.012442,0.003114,0.005663736,1,1,1,0.010526,0.072434273,0.165295926,0.000812479,0.00455589,0.005848,-0.00027,-0.016354,0.002804632
1/1/94,0.083301,0.009899252,0.02171,-0.024079,-0.012792458,1,1,1,0.032738,0.084760796,0.018193819,0.015921132,0.015343975,-0.01418,0.029905,0.096012,0.002397188
2/1/94,-0.004333,-0.024099849,-0.002618,0.006808,-0.011095316,1,1,1,-0.024496,-0.002564345,-0.017789587,-0.045547017,-0.026846457,-0.017292,0.034432,-0.040883,0.002542427
3/1/94,-0.042824,-0.015785324,-0.037766,0.028766,-0.005318083,1,1,1,-0.04062,-0.04285838,-0.09048922,-0.031458613,-0.023573961,0.012981,-0.040264,-0.01176,0.002922109
4/1/94,0.040683,-0.007906508,-0.00684,-0.010158,-0.005274145,1,1,1,0.015396,0.042651593,-0.020002351,-0.011794709,-0.009621505,-0.018065,0.016222,0.025032,0.00326142
5/1/94,-0.005036,0.000583799,0.000508,-0.016539,0.005429709,1,1,1,0.006823,-0.005527771,0.034224538,-0.002361768,-0.000296743,-0.015955,0.020327,0.009252,0.003463775
6/1/94,0.011742,-0.003287603,0.00308,-0.006272,-0.029895276,1,1,1,-0.024849,0.014355795,-0.027564044,-0.012638816,-0.004743331,-0.00956,-0.021705,0.034422,0.003451411
7/1/94,0.011209,0.016508685,0.008488,0.00152,0.005619596,1,1,1,0.030888,0.009837397,0.062178306,0.030540047,0.023102805,0.018029,-0.002535,0.022838,0.003722612
8/1/94,0.025174,0.001084652,0.007084,0.010252,-0.003801158,1,1,1,0.032959,0.023895346,0.124112973,-0.006247701,0.002127005,0.011337,0.00555,-0.074648,0.003866483
9/1/94,-0.028969,-0.013868348,0.000065,0.003042,-0.018169926,1,1,1,-0.016679,-0.031276402,0.01136464,-0.030352684,-0.018640495,-0.010826,-0.020317,-0.010669,0.004120753
10/1/94,0.031712,-0.005104544,0.002354,-0.037237,-0.016045613,1,1,1,0.011062,0.033533452,-0.018038352,-0.01327636,-0.0076726,-0.042341,-0.037097,0.013605,0.003988803
11/1/94,-0.048376,0.001369187,-0.012599,-0.012308,0.028372024,1,1,1,-0.039387,-0.047840465,-0.051994315,0.01347059,0.002274095,-0.010938,-0.032501,-0.045991,0.004408628
12/1/94,0.007013,0.007199774,0.007368,-0.03263,0.004607434,1,1,1,0.024298,0.006495808,-0.080316358,0.017493894,0.009772148,-0.02543,0.061737,0.039583,0.004517468
1/1/95,-0.039228,0.017253958,0.013565,0.012192,-0.003404148,1,1,1,0.022239,-0.038177925,-0.106392049,0.024388977,0.019383334,0.029446,-0.014847,-0.023908,0.005222276
2/1/95,-0.000434,0.02227195,0.034285,-0.030633,-0.020586786,1,1,1,0.036258,-0.002613776,-0.02564707,0.029319456,0.03077805,-0.008361,0.03246,0.002221,0.004492487
3/1/95,0.061949,0.006686982,0.01076,-0.022676,-0.042060185,1,1,1,0.030791,0.062651496,0.006353491,0.009042822,0.008051243,-0.015989,-0.005961,0.019558,0.005262044
4/1/95,0.037154,0.012125761,0.025432,0.001248,-0.015827112,1,1,1,0.022403,0.037875383,0.044861436,0.015716108,0.016381346,0.013373,0.002259,0.038085,0.004402204
5/1/95,-0.009769,0.045899509,0.028034,-0.045282,0.00912091,1,1,1,0.036521,-0.011662789,0.053199376,0.086504821,0.053837835,0.000618,0.045025,-0.009417,0.004887473
6/1/95,-0.015972,0.003363283,0.006367,-0.014022,-0.004254125,1,1,1,0.033312,-0.017271216,0.002957841,0.005324525,0.003077349,-0.010659,0.017735,-0.025919,0.004873357
7/1/95,0.060827,-0.00673412,0.012628,-0.012732,0.006265709,1,1,1,0.032858,0.06252828,0.022446835,-0.023172742,-0.007699746,-0.019466,0.015633,0.016927,0.004376954
8/1/95,-0.036476,0.018233456,0.003115,-0.018648,0.041651505,1,1,1,0.018007,-0.037903556,-0.023555151,0.036395667,0.022850313,-0.000414,0.014878,0.038333,0.004660205
9/1/95,0.018887,0.005345263,0.012298,-0.012769,-0.006091395,1,1,1,0.028302,0.01979015,-0.004746066,0.010244657,0.00851066,-0.007424,0.018302,0.007723,0.004554787
10/1/95,-0.02593,0.018766137,0.00617,-0.006521,0.002338781,1,1,1,0.000573,-0.02662363,-0.038280068,0.03364042,0.016369669,0.012245,-0.018397,0.002321,0.004409951
11/1/95,0.028449,0.01451164,0.00882,-0.025883,0.012886178,1,1,1,0.039542,0.0280851,-0.01783327,0.024960002,0.01873294,-0.011372,0.010031,0.034354,0.004471756
12/1/95,0.039386,0.012432683,0.015712,0.001712,0.000536303,1,1,1,0.014333,0.040545813,0.044352024,0.022057033,0.013532507,0.014145,0.054862,0.091824,0.004014932
1/1/96,0.006109,0.005298996,0.017615,0.00553,0.025488308,1,1,1,0.032065,0.004343014,0.071081764,-0.003993951,0.004954916,0.010829,0.019152,-0.01101,0.004728838
2/1/96,0.003166,-0.013470647,0.000787,0.023754,-0.011470655,1,1,1,0.014745,0.003630127,-0.015899544,-0.034473493,-0.014860271,0.010283,0.007706,0.03843,0.003888775
3/1/96,0.021435,-0.013461687,-0.000688,0.028375,0.002987427,1,1,1,0.01972,0.021489429,0.007788748,-0.027377142,-0.01423027,0.014913,-0.001439,0.090747,0.004277319
4/1/96,0.029789,-0.00756229,0.002209,0.00336,0.00431206,1,1,1,0.016285,0.029319538,0.0399826,-0.02090032,-0.010373013,-0.004202,0.003254,0.04769,0.004135301
5/1/96,-0.016835,-0.001121412,0.006019,0.022482,0.005627096,1,1,1,0.022033,-0.018163116,-0.004465241,-0.002794854,-0.001460962,0.02136,0.02714,-0.012429,0.004608672
6/1/96,0.004589,0.011987892,0.008274,-0.008532,0.001006273,1,1,1,0.00245,0.005873012,0.006244417,0.020464906,0.014480027,0.003456,0.013781,0.045612,0.00396841
7/1/96,-0.029022,0.009868711,0.004644,0.009979,-0.013080949,1,1,1,-0.046432,-0.028977372,-0.06834361,0.014582853,0.011653055,0.019847,0.00861,-0.032237,0.004441683
8/1/96,0.004059,-0.009091678,0.010816,0.001411,0.003615342,1,1,1,0.015377,0.002449167,0.025596727,-0.026516732,-0.012476174,-0.007681,0.040686,0.010783,0.004067843
9/1/96,0.027345,0.019699177,0.024082,-0.001955,0.0135614,1,1,1,0.054013,0.026818494,0.008662875,0.034512234,0.02540289,0.017745,0.017391,0.031039,0.004539805
10/1/96,-0.006421,0.017717587,0.007692,-0.003528,-0.005873902,1,1,1,0.011973,-0.009984818,-0.026669908,0.030355132,0.022284713,0.01419,0.032083,-0.003779,0.004297781
11/1/96,0.041486,0.01823289,0.019721,0.00575,0.003210405,1,1,1,0.068623,0.040038012,0.016755714,0.035664139,0.022180225,0.023983,0.045499,0.089189,0.004338564
12/1/96,-0.013624,-0.010176601,0.007175,0.02747,0.008439093,1,1,1,-0.011957,-0.012623487,0.004522989,-0.024337446,-0.01381684,0.017293,0.099645,0.009743,0.003956489
1/1/97,-0.030926,0.001524809,0.009757,-0.018315,0.035822252,1,1,1,0.054236,-0.034766232,0.068209679,-0.005965548,0.001415491,-0.01679,0.011132,-0.019516,0.004765178
2/1/97,0.015403,0.000479562,0.016536,0.005344,0.012573003,1,1,1,0.003401,0.016597409,0.042825355,-0.001101085,0.004190029,0.005824,0.00086,-0.063896,0.003900083
3/1/97,0.001262,-0.009045802,-0.014892,-0.004654,0.004077186,1,1,1,-0.047458,0.00386764,-0.026267851,-0.022959712,-0.01378856,-0.0137,-0.009247,0.010861,0.004159971
4/1/97,0.006388,0.014360013,0.010547,-0.008277,0.02377894,1,1,1,0.041815,0.005547898,0.001766535,0.025161215,0.015255819,0.006083,-0.0228,0.028961,0.004309535
5/1/97,0.066191,0.00725934,0.021388,-0.001817,-0.030076496,1,1,1,0.071734,0.065321742,0.028620369,0.008272719,0.009392777,0.005442,0.032005,-0.002145,0.004487719
6/1/97,0.053635,0.014143239,0.013879,-0.017351,0.000572762,1,1,1,0.050996,0.055374945,0.053517031,0.024998343,0.018024755,-0.003207,0.047995,-0.043282,0.003981221
7/1/97,0.018586,0.017484278,0.02746,-0.007932,0.027699353,1,1,1,0.065201,0.016383337,0.014927924,0.034865989,0.021932484,0.009553,0.029932,0.050745,0.004358943
8/1/97,-0.073439,-0.002067572,-0.002277,0.005056,0.001458725,1,1,1,-0.032028,-0.074478857,-0.127249295,-0.011304298,-0.00441945,0.002988,-0.002011,0.013363,0.004006907
9/1/97,0.056363,0.019457301,0.019814,-0.017471,-0.007759439,1,1,1,0.065809,0.056244583,0.027708054,0.037745444,0.023063515,0.001986,0.079882,0.023876,0.004565099
10/1/97,-0.075212,0.01319125,0.000896,-0.002884,-0.007238422,1,1,1,-0.017247,-0.076645768,-0.164087461,0.023872375,0.007165124,0.010307,-0.025481,0.016905,0.004570879
11/1/97,-0.010951,0.00570644,0.009553,-0.000115,0.026024166,1,1,1,0.027729,-0.009963566,-0.036487638,0.014139819,0.006239096,0.005592,0.016949,-0.084216,0.004004957
12/1/97,0.009755,0.010285331,0.008771,-0.01448,0.017417822,1,1,1,0.000342,0.008952455,0.02409801,0.015862966,0.009992122,-0.004195,0.019687,-0.071358,0.004309661
1/1/98,0.042862,0.015372599,0.018014,-0.010474,0.006226343,1,1,1,0.024582,0.045965996,-0.078430266,0.020220587,0.01186574,0.004898,-0.004675,-0.016861,0.004639191
2/1/98,0.065358,-0.003182054,0.005853,0.002305,-0.012153514,1,1,1,0.051316,0.064398173,0.104375695,-0.007409425,-0.000323311,-0.000877,-0.016971,-0.065717,0.003965294
3/1/98,0.033074,0.005396772,0.009389,-0.005885,0.016985853,1,1,1,0.058954,0.031017605,0.043395965,0.00694197,0.007030858,-0.000488,0.016494,-0.012267,0.004200882
4/1/98,0.007998,0.002688456,0.003939,0.001021,-0.009129447,1,1,1,0.011075,0.008142823,-0.010893366,0.000382562,0.004056833,0.003709,-0.032148,-0.004039,0.004130767
5/1/98,-0.00497,0.011109493,0.003473,-0.003912,0.017351206,1,1,1,-0.03582,-0.00462668,-0.137040745,0.020799953,0.012591217,0.007197,-0.008478,-0.068778,0.004310617
6/1/98,0.005538,0.010579907,0.003596,-0.008166,0.004736019,1,1,1,0.050046,0.007792822,-0.104896121,0.019921926,0.006411279,0.002414,-0.006237,-0.030119,0.004152353
7/1/98,0.006763,0.001035098,0.005691,0.003589,0.016095737,1,-1,1,-0.040936,0.010360369,0.031706356,-0.003975621,-0.001752356,0.004624,-0.065551,-0.092217,0.004558501
8/1/98,-0.127485,0.026235475,-0.057952,-0.02403,0.000882877,1,-1,1,-0.119207,-0.123668649,-0.289139757,0.041625414,0.003708529,0.002205,-0.103474,-0.026712,0.003945891
9/1/98,-0.028294,0.03444605,0.008968,-0.014259,-0.035716141,1,1,1,-0.003115,-0.030396926,0.063434853,0.05050363,0.040955328,0.020188,0.063476,0.06218,0.00384872
10/1/98,0.104403,-0.00911372,-0.021948,0.011271,-3.50E-02,1,1,1,0.125694,0.104522014,0.105301807,-0.02545071,-0.022573018,0.002157,-0.027235,-0.029296,0.003509383
11/1/98,0.050918,0.00214849,0.042666,-0.003178,0.019784951,1,1,1,0.056447,0.051479324,0.083168359,0.009564647,0.021838721,-0.001029,0.018204,-0.122777,0.003564393
12/1/98,0.038616,-0.000146223,-0.000015,-0.005849,-0.02281553,1,1,1,0.055474,0.039691716,-0.014492322,-0.003444363,-2.94E-05,-0.005995,-0.030126,-0.014771,0.003670475
1/1/99,0.000424,0.000938087,0.014128,0.010748,0.010392611,1,1,1,0.033748,-0.002726756,-0.016134153,-0.001250222,0.004684583,0.011686,-0.019289,-0.008491,0.003863888
2/1/99,-0.024922,-0.024962686,-0.006808,0.017976,0.020324565,1,1,1,-0.033984,-0.023601275,0.009727063,-0.048017838,-0.024170442,-0.006986,-0.024325,-0.03116,0.003460987
3/1/99,0.041967,0.006612543,0.011309,-0.0068,0.004275099,1,1,1,0.044598,0.041984263,0.131790339,0.002062871,0.010562566,-0.000188,-0.014482,0.157857,0.003830946
4/1/99,0.043117,0.004439354,0.019255,0.002222,-0.000488982,1,1,1,0.053302,0.040748724,0.123720905,0.006297352,0.005080954,0.006662,0.109037,0.05319,0.003826673
5/1/99,-0.050291,-0.01568752,-0.01469,0.022585,0.01107642,1,1,1,-0.037764,-0.051279678,-0.005817478,-0.02670665,-0.020570972,0.006897,0.016695,-0.072045,0.003632105
6/1/99,0.03933,0.002745208,-0.00113,-0.002097,0.005193181,1,1,1,0.063318,0.039217738,0.113491794,-0.001895642,0.000388442,0.000648,-0.017781,0.074999,0.003810929
7/1/99,0.02902,0.000785946,0.004188,-0.001341,-0.020478488,1,1,1,-0.038878,0.029953579,-0.027165503,-0.002604187,-0.003833618,-0.000555,-0.036372,0.053157,0.004056169
8/1/99,0.003071,5.58E-05,-0.012068,0.001703,-0.00792642,1,1,1,0.000256,0.00387536,0.009098148,-0.004606541,-0.002673967,0.001759,-0.020875,0.055232,0.003937104
9/1/99,0.011025,0.00263193,-0.007743,0.001341,-0.015257671,1,1,1,-0.034041,0.010288576,-0.0338421,-0.00186429,0.005501999,0.003973,-0.040387,0.055287,0.003900584
10/1/99,0.03886,0.004618124,-0.004924,-0.002685,-5.15E-05,1,1,1,0.060413,0.037674473,0.02129268,0.007443317,0.008150442,0.001933,-0.016011,-0.039799,0.004184068
11/1/99,0.035181,-0.001264949,0.011519,0.007327,0.012884037,1,1,1,0.043228,0.034950687,0.089664523,-0.005260546,0.001737968,0.006062,-0.024554,0.034791,0.004235562
12/1/99,0.09215,-0.005199818,0.011334,-0.002835,-0.006607884,1,1,1,0.062036,0.08994763,0.127180219,-0.01295826,-0.003943528,-0.008034,0.020501,0.0337,0.004779132
1/1/00,-0.060581,0.004779757,-0.003499,-0.00027,0.024835061,1,1,1,-0.022553,-0.063364489,0.005959961,0.019772019,-0.001045093,0.00451,0.018291,0.089183,0.004290508
2/1/00,0.028542,0.012908543,0.000645,-0.003929,0.012068746,1,1,1,0.023766,0.027108824,0.013207033,0.022985348,0.007137918,0.008979,-0.020461,0.078944,0.004479291
3/1/00,0.041239,0.01947144,-0.020559,0.009769,-0.013226999,1,1,1,0.032454,0.038956945,0.004880281,0.035911691,0.008147991,0.029241,0.035848,-0.050421,0.005235379
4/1/00,-0.051687,-0.003656782,0.002162,0.01698,0.038514921,1,1,1,-0.027287,-0.052443028,-0.094792742,-0.009176533,-0.009854701,0.013323,0.0838,0.012628,0.004411872
5/1/00,-0.024032,0.006725023,-0.0101,-0.00925,-0.00147101,1,1,1,-0.02491,-0.02422728,-0.041341926,0.005110415,0.002873698,-0.002525,-0.005667,0.114209,0.004991571
6/1/00,0.043455,0.012298033,0.019632,0.000272,-0.017151006,1,1,1,0.029459,0.039342102,0.035224909,0.013909502,0.019466863,0.01257,0.050156,0.056032,0.005071754
7/1/00,-0.03803,0.01239276,0.007524,-0.003772,0.021479673,1,1,1,-0.027498,-0.04172936,-0.051429531,0.021166723,0.01413173,0.008621,0.076568,-0.067227,0.004802954
8/1/00,0.013265,0.014916096,0.008838,-0.00748,0.008479964,1,1,1,0.073563,0.008884716,0.004916759,0.021226212,0.012492778,0.007436,-0.054656,0.147674,0.005261114
9/1/00,-0.051609,-0.001616082,-0.010597,0.006791,0.010838884,-1,-1,1,-0.056317,-0.048493766,-0.087315919,-0.014358517,0.003517864,0.005175,0.012027,0.008019,0.005184833
10/1/00,-0.027053,0.011127713,-0.031677,0.000942,0.023988823,-1,-1,1,-0.019061,-0.023418665,-0.072502998,0.017593914,0.002155358,0.01207,-0.029495,-0.01191,0.005097104
11/1/00,-0.040076,0.015898427,-0.042732,-0.001388,-0.001194567,-1,-1,1,-0.090909,-0.037286394,-0.087433845,0.024205347,0.007003538,0.014511,0.020314,0.052762,0.005159711
12/1/00,0.035246,0.022238594,0.022265,-0.011388,-0.032470394,-1,-1,1,0.012723,0.035777284,0.023139809,0.029418337,0.021616412,0.010851,0.065939,0.004478,0.004472844
1/1/01,0.004522,0.012945771,0.077263,0.007872,0.009637569,-1,-1,1,0.042714,0.002250239,0.134667808,0.010970579,0.03355839,0.020818,0.014273,-0.018443,0.004922838
2/1/01,-0.083441,0.009936127,0.011456,0.006952,0.014719899,-1,-1,1,-0.098313,-0.079340712,-0.079395911,0.013632998,0.006818384,0.016888,-0.005577,-0.045112,0.003803553
3/1/01,-0.072481,0.000401561,-0.023881,0.009156,0.044469762,-1,-1,-1,-0.082042,-0.071931707,-0.108319027,-0.011323806,0.00295088,0.009557,0.003716,-0.051187,0.003942027
4/1/01,0.091289,-0.009637442,-0.011104,0.015302,-0.016192789,-1,-1,-1,0.114119,0.092380595,0.066416208,-0.022475888,-0.000291054,0.005665,0.027175,0.071187,0.003110066
5/1/01,-0.045019,0.002992677,0.016649,0.00889,0.012992008,-1,-1,-1,0.001829,-0.048792737,0.008620348,0.003337804,0.009071047,0.011883,0.026344,-0.039319,0.003119668
6/1/01,-0.031187,0.002861045,-0.028077,-0.004157,0.00432794,-1,-1,-1,-0.01591,-0.029920819,-0.014555508,0.0018319,0.001819169,-0.001296,0.05353,-0.075702,0.003011203
7/1/01,-0.017361,0.023259242,0.015422,-0.006538,-0.010144465,-1,-1,-1,-0.018023,-0.017987124,-0.060294437,0.034964758,0.026374864,0.016721,-0.010639,0.008642,0.002931324
8/1/01,-0.047903,0.014405985,0.011099,-0.013054,-0.023386644,-1,-1,-1,-0.064777,-0.047492353,-0.024780449,0.023142386,0.013701789,0.001352,0.02796,0.010486,0.002806213
9/1/01,-0.094885,0.01817498,-0.066887,-0.012325,0.006424421,-1,-1,-1,-0.094084,-0.094946506,-0.150567955,0.012532554,-0.000867209,0.00585,-0.04083,-0.115337,0.002366597
10/1/01,0.043176,0.027120278,0.024822,-0.00341,0.01254317,-1,-1,-1,0.051609,0.044555264,0.071691882,0.050139045,0.023608227,0.02371,-0.011561,-0.062312,0.001858592
11/1/01,0.014861,-0.026284377,0.036036,0.003997,0.000198794,-1,-1,-1,0.045744,0.012398227,0.114134773,-0.052687206,-0.009948821,-0.022287,0.031847,-0.026099,0.001662967
12/1/01,0.020027,-0.009553649,-0.004078,-0.002067,0.01707537,-1,-1,1,0.026362,0.019629563,0.065132266,-0.018355116,-0.007236586,-0.011621,0.032466,-0.022734,0.0013129
1/1/02,-0.052603,0.009135524,0.007301,-0.003257,0.02075223,-1,-1,1,-0.019193,-0.055203529,0.031470899,0.016720959,0.009938188,0.005879,0.004302,-0.006563,0.001467821
2/1/02,0.02008,0.000688269,-0.014648,0.014447,-0.001278069,-1,-1,1,0.008058,0.021079064,0.030729531,-0.002352998,-9.39E-05,0.015136,0.027687,0.0396,0.001341377
3/1/02,0.045756,-0.018387538,0.024352,0.012261,-0.007919611,-1,-1,1,0.020268,0.047113234,0.044283895,-0.030780327,-0.013793166,-0.006126,0.052475,0.129864,0.001539716
4/1/02,0.006824,0.026380494,0.015831,0.000875,-0.025616804,-1,-1,1,-0.040571,0.007323791,0.009561326,0.041220475,0.011732334,0.027256,0.017289,-0.019523,0.001428732
5/1/02,0.00929,0.003783969,-0.005319,0.012121,-0.030135082,-1,-1,1,-0.042578,0.0094483,-0.010599291,-0.000216034,0.015320799,0.015905,0.005709,-0.031508,0.001584519
6/1/02,-0.038659,0.014891165,-0.073895,-0.000729,-0.032578374,-1,-1,1,-0.069449,-0.038239043,-0.082577127,0.019519535,0.00021143,0.014162,0.017073,0.041084,0.001321699
7/1/02,-0.125632,0.025258269,-0.041356,-0.008698,0.013515391,-1,-1,1,-0.084452,-0.125794306,-0.076861065,0.032377684,0.001352055,0.01656,-0.055107,-0.01475,0.001449593
8/1/02,0.015962,0.018622113,0.026203,0.017134,-0.00619791,-1,-1,1,0.033607,0.015441077,0.018524291,0.04008516,0.021291072,0.035756,0.016557,0.076938,0.001298661
9/1/02,-0.094507,0.022091245,-0.013465,0.003167,0.005987879,-1,-1,1,-0.068834,-0.095501585,-0.097354478,0.042192792,0.014707449,0.025258,-0.040862,0.053018,0.001451839
10/1/02,0.048098,-0.008977474,-0.007372,-0.017739,-0.003317957,1,1,1,0.057949,0.048602444,0.049361755,-0.028930023,-0.011517073,-0.026716,-0.036435,-0.055149,0.001364131
11/1/02,0.046399,-0.007265798,0.060853,0.006598,-0.000818687,1,1,1,0.041784,0.045475259,0.080245361,-0.015120228,0.018038847,-0.000668,0.046294,0.011229,0.001065137
12/1/02,-0.029937,0.025671901,0.013985,0.007944,-0.027847485,1,1,1,-0.054938,-0.030080526,-0.039447097,0.049236194,0.030530393,0.033616,0.002179,0.072413,0.000955882
1/1/03,-0.024057,-0.00315399,0.033287,0.010654,-0.019435914,1,1,1,-0.021398,-0.027646508,0.000328023,-0.01060766,0.004211873,0.0075,-0.032176,0.081421,0.001105645
2/1/03,-0.024631,0.017266322,0.012342,0.020213,-0.009362307,1,1,1,-0.026968,-0.02690707,-0.020043247,0.027453361,0.020542215,0.037479,0.022602,0.099802,0.000906494
3/1/03,-0.019108,-0.004124126,0.0312,-0.012083,-0.008116958,1,1,1,0.029213,-0.020017253,-0.03463828,-0.006256336,0.000717277,-0.016207,0.039013,-0.139183,0.000909793
4/1/03,0.093187,0.004997647,0.056982,-0.007576,-0.017180444,1,1,1,0.069869,0.094540044,0.083331659,0.010084965,0.020380967,-0.002578,0.033467,-0.039819,0.000944638
5/1/03,0.075782,0.02858154,0.010178,0.018824,-0.034890972,1,1,1,0.065306,0.074641921,0.085057594,0.05755,0.031685171,0.047406,0.05974,0.119641,0.000951286
6/1/03,0.006538,-0.007230898,0.028746,-0.002941,0.005202666,1,1,1,0.018199,0.005741036,0.056547168,-0.016560688,-0.003722058,-0.010172,0.029406,-0.017773,0.000731273
7/1/03,0.019391,-0.042070688,-0.015255,-0.00408,0.024935181,1,1,1,0.005958,0.020635551,0.051508361,-0.089361248,-0.040109459,-0.046151,0.036524,0.041774,0.000769739
8/1/03,0.044851,0.005135181,0.015889,0.012778,-0.000577334,1,1,1,0.034913,0.044352762,0.074947299,0.015830481,0.006268732,0.017913,0.011605,0.003567,0.000735647
9/1/03,0.035317,0.030220199,0.031137,0.002846,-0.04469558,1,1,1,0.010542,0.035727068,0.008880292,0.05198516,0.036168794,0.033066,0.040561,-0.038174,0.000860812
10/1/03,0.042673,-0.015386802,0.016435,0.020843,-0.010306442,1,1,1,0.047988,0.042081461,0.090365901,-0.032968692,-0.010861586,0.005456,0.026347,0.00693,0.000844371
11/1/03,0.037818,-0.001848788,0.0164,0.002452,-0.020728885,1,1,1,0.016496,0.037954422,0.015953337,0.01053582,0.002427892,0.000603,0.044195,0.042884,0.000723624
12/1/03,0.0616,0.012196943,0.021396,-0.002014,-0.028184251,1,1,1,0.033016,0.062452889,0.053075483,0.010733746,0.014062815,0.010183,0.021418,0.057438,0.00074082
1/1/04,0.017141,0.008430284,0.019091,0.003022,0.008690244,1,1,1,0.02519,0.016846975,0.033745241,0.012317941,0.010480588,0.011452,0.056922,0.028905,0.000811779
2/1/04,0.03487,0.011840531,-0.00056,0.011277,0.007797865,1,1,1,0.022193,0.035541633,0.063635749,0.02601055,0.012237526,0.023117,0.021017,0.064473,0.000717896
3/1/04,0.003561,0.006634903,0.005148,0.009389,-0.010445722,1,1,1,-0.014991,0.00439782,0.003955936,0.015526706,0.006664042,0.016024,0.052105,-0.014574,0.000806459
4/1/04,-0.03555,-0.028973924,-0.007124,-0.019588,0.040082068,1,1,1,-0.018368,-0.032423241,-0.089195651,-0.060093027,-0.028557329,-0.048562,-0.147349,0.067106,0.000836383
5/1/04,0.000859,-0.005728157,-0.016757,0.023735,-0.012280583,1,1,1,0.005881,-0.000255784,-0.017533248,-0.001309746,-0.00984639,0.018007,0.043553,0.0754,0.000825501
6/1/04,0.026568,0.009419997,0.01672,-0.008951,-0.004334033,1,1,1,0.009567,0.024961645,0.006125716,0.009669946,0.0095553,0.000469,0.041617,-0.06483,0.001052053
7/1/04,-0.030655,0.006436923,0.011037,0.002872,0.005450855,1,1,1,-0.023427,-0.032089287,-0.025115496,0.006167057,0.009936743,0.009309,0.015537,0.043534,0.001181046
8/1/04,0.012392,0.021259641,0.020967,0.005539,-0.011558844,1,1,1,0.002426,0.01216689,0.055942267,0.047553799,0.024220399,0.026798,0.059335,-0.007371,0.001227705
9/1/04,0.034545,-0.000981226,0.013335,0.002958,-0.018427489,1,1,1,0.028771,0.031808037,0.064297634,0.008595671,0.002496223,0.001977,0.021817,0.10087,0.001378291
10/1/04,0.028238,0.007960248,0.019999,0.002019,-0.030222227,1,1,1,0.001568,0.027112191,0.012679401,0.014581395,0.009846264,0.009979,0.040305,0.012563,0.001511401
11/1/04,0.067575,-0.011014792,0.010224,0.008614,-0.032907985,1,1,1,0.061326,0.068450868,0.090169065,-0.022289318,-0.007619828,-0.0024,0.054646,-0.070956,0.001726827
12/1/04,0.031212,0.010435772,0.01466,0.007023,-0.005249577,1,1,1,0.010819,0.033393207,0.047379471,0.016368928,0.014242303,0.017458,0.015122,-0.075006,0.002002412
1/1/05,-0.012256,0.007218539,0.000517,-0.007164,0.027438085,1,1,1,-0.009487,-0.011491968,0.002063656,0.03166776,0.008000334,0.000055,-0.061148,0.074195,0.001880896
2/1/05,0.041427,-0.008575702,0.012159,0.004341,-0.010589817,1,1,1,0.020629,0.040599075,0.085238193,-0.012962581,-0.006427655,-0.004234,0.026126,0.075081,0.001978572
3/1/05,-0.020341,-0.000644175,-0.02718,0.001528,0.011710489,1,1,1,-0.028874,-0.022924647,-0.050223965,-0.006687228,-0.010629307,0.000884,-0.030663,0.100334,0.002360635
4/1/05,-0.026936,0.015268897,-0.010991,0.003823,0.007747614,1,1,1,-0.01115,-0.025524981,-0.036197836,0.035828512,0.010730136,0.019092,0.046929,-0.100174,0.002397785
5/1/05,0.00917,0.017502393,0.023059,-0.010626,0.026959154,1,1,1,0.042095,0.007870584,0.028411207,0.024686514,0.019304807,0.006876,0.050531,0.021909,0.002368083
6/1/05,0.006273,-0.003622266,0.01528,0.00787,0.008632682,1,1,1,0.002164,0.004317653,0.043507133,0.014801766,-0.002370561,0.004248,0.042895,0.046889,0.002476063
7/1/05,0.043438,-0.010458365,0.015452,-0.010532,0.003061902,1,1,1,0.039347,0.04078275,0.072521677,-0.026498965,-0.006569976,-0.020991,0.056013,0.042746,0.002766765
8/1/05,0.041842,0.018469051,0.002922,0.004612,-0.020330512,1,1,1,-0.009003,0.04014318,0.019204077,0.029704584,0.016781331,0.023082,-0.036292,0.156904,0.002968577
9/1/05,0.020982,-0.014074158,-0.009921,0.012684,0.006191264,1,1,1,0.006522,0.018902965,0.074640956,-0.025931186,-0.015857994,-0.00139,-0.003918,-0.026236,0.003042135
10/1/05,-0.022586,-0.00865997,-0.006102,-0.004135,0.013094444,1,1,1,-0.021291,-0.018406864,-0.051741275,-0.021739726,-0.012161025,-0.012795,-0.049744,-0.102394,0.002984965
11/1/05,0.030303,0.004623462,0.005063,-0.002888,0.010563356,1,1,1,0.056751,0.027313186,0.073926376,0.006572339,0.005144815,0.001735,0.07751,-0.012242,0.003240622
12/1/05,0.039817,0.011298758,0.007859,0.00099,-0.004164969,1,1,1,-0.011636,0.040677154,0.053667603,0.024889342,0.011474253,0.012289,-0.014034,0.005606,0.00312964
1/1/06,0.061863,-0.004669102,0.017204,0.004562,-0.021911624,1,1,1,0.036903,0.05975053,0.114208261,-0.011345818,-0.003848887,-0.000107,0.073696,0.023772,0.00386227
2/1/06,-0.001519,0.001442494,0.005369,-0.00187,0.006840784,1,1,1,0.00786,-0.000945007,0.002590732,0.007561179,0.003847411,-0.000428,0.017325,-0.078214,0.003452688
3/1/06,0.040431,-0.008790659,0.006065,-0.013147,0.005404991,1,1,1,0.009749,0.042792291,0.020445925,-0.034214907,-0.011708389,-0.021938,0.023981,0.051538,0.004145505
4/1/06,0.04451,-0.007117816,0.006732,0.006242,-0.03921884,1,1,1,0.006651,0.044035092,0.056700192,-0.019308162,-0.006409627,-0.000875,-0.025068,0.077551,0.003586772
5/1/06,-0.040916,0.003878185,-0.000904,-0.000921,-0.016139715,1,1,1,-0.015772,-0.042246698,-0.107066923,0.000151405,0.001712742,0.002957,0.003844,-0.033597,0.004067487
6/1/06,0.001274,0.002702877,-0.003312,0.000136,0.010270187,1,1,1,-0.003681,0.003399565,0.012253096,-6.39E-05,0.000782727,0.002839,0.042979,0.020533,0.004264859
7/1/06,-0.002936,0.01258767,0.010762,0.00369,0.003145996,1,1,1,-0.014345,-0.003585036,-0.010037483,0.02706858,0.015003758,0.016277,0.013063,0.01854,0.003988675
8/1/06,0.040795,0.01506695,0.016389,0.002235,-0.004228076,1,1,1,0.034399,0.040188966,0.042700185,0.027604027,0.018791848,0.017302,0.032449,-0.086539,0.004281159
9/1/06,0.002307,0.008654958,0.013029,-0.007023,0.008840354,1,1,1,0.012577,0.005537661,0.00510897,0.015680814,0.010903583,0.001632,0.024077,-0.110175,0.004151954
10/1/06,0.035637,0.00755365,0.015797,-0.009236,-0.005128662,1,1,1,0.031789,0.036569818,0.054081603,0.007772169,0.011149941,-0.001682,0.055172,-0.006891,0.004104024
11/1/06,0.026507,0.01011302,0.016574,0.002262,-0.015110919,1,1,1,0.028566,0.024627351,0.065784014,0.019715025,0.013876543,0.012375,0.051649,0.051636,0.004128516
12/1/06,0.029393,-0.010243837,0.009027,-0.013111,0.014725217,1,1,1,0.014481,0.032094614,0.043558202,-0.021779339,-0.011328029,-0.023355,-0.009938,-0.068822,0.003775918
1/1/07,0.019394,-0.00221965,0.012491,0.003551,0.013491909,1,1,1,0.025029,0.020036288,0.001849261,-0.007747522,-0.000277905,0.001331,0.082742,-0.033485,0.004699041
2/1/07,-0.014014,0.01707609,0.011031,0.004253,-0.013642808,1,1,1,-0.024227,-0.014183172,-0.032548696,0.030115146,0.02077624,0.021329,-0.04123,0.054589,0.003918237
3/1/07,0.038183,-0.000653331,0.002666,0.003049,-0.01060837,1,1,1,0.016618,0.037968266,0.054739482,-0.009463649,-0.005563382,0.002396,-0.008704,0.030481,0.004398654
4/1/07,0.038663,0.004905811,0.012996,0.00216,-0.020120557,1,1,1,0.039423,0.037874285,0.047661408,0.00608998,0.006860978,0.007066,-0.014386,-0.008351,0.003928715
5/1/07,0.035343,-0.011290419,0.00707,-0.001762,0.000622886,1,1,1,0.038668,0.030511241,0.067514537,-0.024376588,-0.012921909,-0.013052,0.009038,0.002524,0.004084122
6/1/07,0.002203,0.002388172,-0.017567,-0.003904,-0.003373129,1,1,1,-0.009441,0.002465253,0.042875943,-0.00287078,-0.001468736,-0.001516,-0.067682,0.0274,0.003975177
7/1/07,-0.037721,0.017001137,-0.036669,0.005719,-0.012975785,1,1,1,-0.039381,-0.039150125,0.004523898,0.027568488,0.002251613,0.02272,-0.104881,0.034798,0.004019942
8/1/07,0.004195,0.015174703,0.014965,-0.006473,-0.00318466,1,1,1,0.008424,0.003410954,0.018665937,0.018243895,0.008154664,0.008702,0.048189,-0.028829,0.003522952
9/1/07,0.062109,0.006121066,0.026794,0.007225,-0.03851866,1,1,1,0.050306,0.058849773,0.117228699,0.006275005,0.008702414,0.013346,0.062661,0.0917,0.003339439
10/1/07,0.027193,0.013322852,0.003231,-0.002105,-0.023385927,1,1,1,-0.021209,0.024098721,0.09157844,0.022506848,0.016433917,0.011217,-0.049026,0.097828,0.003363037
11/1/07,-0.032496,0.024447628,-0.019587,0.01522,0.005408651,-1,-1,1,-0.024377,-0.026940412,-0.063158096,0.033917657,0.00061474,0.039667,-0.05695,-0.02755,0.002898421
12/1/07,-0.015614,0.000804302,0.002913,-0.002376,0.002897525,-1,-1,-1,-0.00037,-0.019438155,0.002939302,-0.004152016,0.001580473,-0.001572,-0.036913,0.055841,0.002325002
1/1/08,-0.075516,0.028109232,-0.011846,0.010377,-0.011902766,-1,-1,-1,-0.047213,-0.078172112,-0.099463216,0.031159232,0.013864957,0.038486,0.035037,-0.021254,0.002490509
2/1/08,-0.015669,0.008615712,-0.015138,0.004767,-0.021946224,-1,-1,-1,-0.043723,-0.019327963,0.023692265,-0.000200941,-0.002529003,0.013382,-0.070368,0.145859,0.001817811
3/1/08,0.013101,0.000634494,-0.001613,-0.008196,-0.009123817,-1,-1,-1,0.027027,0.017858439,-0.025910046,-0.0003064,-0.017717193,-0.007562,0.092426,-0.029169,0.000969
4/1/08,0.041514,-0.011144657,0.043936,-0.000033,0.008948813,-1,-1,-1,0.031856,0.039631717,0.073591913,-0.008082747,0.016503579,-0.011178,0.030793,0.075353,0.001076674
5/1/08,0.019735,-0.011849608,0.000964,0.012044,-0.003025597,-1,-1,-1,-0.005369,0.01423553,0.016011386,-0.022739034,-0.01169363,0.000194,-0.033794,0.113951,0.001541337
6/1/08,-0.089184,0.007734965,-0.032489,0.009169,0.003019216,-1,-1,-1,-0.069597,-0.093623488,-0.113397403,0.016658959,-0.008183643,0.016904,-0.094657,0.092273,0.00148539
7/1/08,-0.035145,0.006131507,-0.013524,-0.009134,0.010902192,-1,-1,-1,-0.016162,-0.031494623,-0.031707842,0.003801047,-0.003607246,-0.003002,0.026166,-0.125988,0.001408528
8/1/08,-0.036243,0.011138783,0.008403,-0.006624,0.047433334,-1,-1,-1,0.020219,-0.038023795,-0.089829306,0.021510099,0.005084657,0.004514,0.01873,-0.073892,0.001334928
9/1/08,-0.125042,0.010593448,-0.086849,-0.047232,0.015666151,-1,-1,-1,-0.09744,-0.123916659,-0.156648792,0.012157268,-0.078379743,-0.036638,-0.024801,-0.137095,0.001125027
10/1/08,-0.204945,-0.005435789,-0.152554,-0.083037,0.086995015,-1,-1,-1,-0.173147,-0.199689293,-0.25519641,-0.039976396,-0.063739412,-0.088473,-0.312202,-0.295256,0.000576814
11/1/08,-0.111894,0.065976639,-0.094547,-0.044064,0.006314329,-1,-1,-1,-0.162932,-0.107178667,-0.120348701,0.154699021,0.050020844,0.021913,-0.337308,-0.17563,0.000131098
12/1/08,0.108032,0.022634856,0.078526,0.011745,-0.0464338,-1,-1,-1,0.120291,0.110219036,0.109022483,0.062876421,0.058473255,0.03438,0.422866,-0.074309,2.28E-05
1/1/09,-0.114021,-0.030519026,0.059937,0.04738,0.041871946,-1,-1,-1,-0.080826,-0.120259653,-0.087783851,-0.088004359,0.00453374,0.016861,-0.148119,-0.113704,0.000115864
2/1/09,-0.126883,-0.005387132,-0.031025,-0.01425,0.028344459,-1,-1,-1,-0.148267,-0.125239557,-0.080562282,-0.009799113,-0.019672412,-0.019637,-0.268897,-0.097275,0.00022585
3/1/09,0.14061,0.024064942,0.030141,0.039289,-0.022200784,1,1,-1,0.160889,0.135352313,0.224965093,0.05693888,-0.002470995,0.063354,0.117361,0.097293,0.000170811
4/1/09,0.116204,-0.021943515,0.12695,-0.007448,-0.020666742,1,1,-1,0.092502,0.114427623,0.144887549,-0.064162956,0.031431802,-0.029391,0.242674,0.044771,0.000132181
5/1/09,0.153733,-0.018423864,0.071,0.036183,-0.065697358,1,1,-1,0.076946,0.146024457,0.215392179,-0.049603061,0.034081044,0.017759,0.100732,0.195285,0.000148537
6/1/09,-0.020112,0.00831871,0.024421,0.002935,0.020479992,1,1,-1,-0.017931,-0.014433503,-0.034221689,0.032393914,0.033669602,0.011254,-0.048288,-0.030868,0.0001491
7/1/09,0.104658,0.003720427,0.057767,-0.000016,-0.035114286,1,1,1,0.089045,0.102754575,0.123395172,0.008512398,0.043311588,0.003705,0.107184,0.040092,0.000166032
8/1/09,0.009507,0.010644807,0.018613,0.000534,0.000859311,1,1,1,-0.003869,0.014700977,-0.024493361,0.019537299,0.018632981,0.011179,0.049355,-0.076476,0.000137363
9/1/09,0.036019,0.011420568,0.055206,0.011495,-0.020045365,1,1,1,0.036251,0.033944384,0.08439362,0.031632375,0.021766614,0.022916,0.071343,0.018791,0.000101693
10/1/09,0.002538,-0.0058966,0.019664,0.01394,-0.003744972,1,1,1,0.007496,0.005231027,0.000757795,-0.026172235,0.002775924,0.008044,-0.002572,0.080492,6.55E-05
11/1/09,0.053357,0.01101392,0.011692,0.015032,-0.019954188,1,1,1,0.06374,0.047779928,0.068737284,0.008074535,0.010788996,0.026046,0.076833,0.011743,3.97E-05
12/1/09,-0.010726,-0.02295511,0.03115,0.002726,0.03053861,1,1,1,0.013989,-0.011605911,0.018033106,-0.047837096,-0.004352602,-0.020229,0.052289,-0.001589,4.38E-05
1/1/10,-0.04331,0.013469485,0.011714,0.003164,0.014824245,1,1,1,-0.020694,-0.041975408,-0.054954933,0.019352251,0.012529394,0.016634,-0.030858,-0.065517,5.49E-05
2/1/10,-0.001693,0.005231116,0.005023,-0.017309,0.002468981,1,1,1,0.030993,-0.007680194,0.015926425,0.005929472,0.007004359,-0.012078,0.041503,0.030896,8.47E-05
3/1/10,0.074917,-0.008753052,0.029629,0.008591,0.001073538,1,1,1,0.058301,0.074425223,0.085267841,-0.017783558,0.002383619,-0.000162,0.090172,0.043425,0.000129111
4/1/10,-0.031781,0.011438159,0.022757,0.013738,0.006227532,1,1,1,0.027329,-0.035047339,-0.015630036,0.030474717,0.0191215,0.025176,0.095656,0.019023,0.000143698
5/1/10,-0.104586,0.017200399,-0.037236,-0.017831,0.043282088,1,1,1,-0.108923,-0.107522983,-0.096473643,0.044723253,-0.005279098,-0.00063,-0.100622,-0.149272,0.000127908
6/1/10,-0.019926,0.018867353,0.013099,-0.006604,-0.004211151,1,1,1,-0.040903,-0.017604249,0.004358782,0.050152195,0.022829739,0.012263,-0.028268,-0.003629,0.000101029
7/1/10,0.129544,0.005844878,0.036293,-0.001849,-0.043066915,1,1,1,0.097059,0.13504743,0.118260725,-0.004614973,0.017840854,0.003996,0.126315,0.105139,0.000140725
8/1/10,-0.028893,0.014885274,0.002481,-0.002265,0.017409464,1,1,1,-0.038427,-0.031624241,-0.020456956,0.049738292,0.014113795,0.01262,-0.014272,-0.058114,0.000127861
9/1/10,0.071083,0.004581202,0.030319,0.009186,-0.042169357,1,1,1,0.065753,0.072815086,0.099649899,-0.002930527,0.01215967,0.013767,0.018637,0.070389,0.000125509
10/1/10,0.032295,-0.001449085,0.023878,0.026935,-0.019035692,1,1,1,0.034881,0.032269896,0.033067204,-0.03166908,0.001348337,0.025486,0.047736,0.028546,0.000114987
11/1/10,-0.026195,-0.013963168,-0.009912,-0.011527,0.036944369,1,1,1,0.026122,-0.032543382,-0.020096124,-0.030204495,-0.016646731,-0.02549,-0.014367,0.031531,0.000118476
12/1/10,0.063609,-0.010030464,0.015903,0.001102,-0.021309759,1,1,1,0.058715,0.064464795,0.061441761,-0.017640572,-0.000239873,-0.008929,0.056494,0.066113,0.000126048
1/1/11,0.038032,-0.003348046,0.023391,0.004689,-0.015087691,1,1,1,0.026566,0.040031173,-0.02683731,-0.027834589,-0.000407494,0.001341,0.022736,0.026874,0.000121948
2/1/11,0.019256,0.002603205,0.0133,0.010291,-0.012744878,1,1,1,0.002078,0.015530936,-0.015852698,0.017941035,0.011102532,0.012894,0.011293,0.05452,0.000100346
3/1/11,-0.01452,-0.001273676,0.003684,0.011425,-0.009734732,1,1,1,0.025071,-0.017670597,0.067818561,0.002379918,-0.001404654,0.010152,0.014928,0.034764,8.40E-05
4/1/11,0.057297,0.011570053,0.013534,0.009825,-0.03373979,1,1,1,0.020964,0.064165819,0.021232841,0.016337827,0.016504685,0.021395,0.046797,0.029729,4.96E-05
5/1/11,-0.039443,0.018920341,0.005529,-0.010934,0.019691149,-1,-1,1,-0.03188,-0.037521736,-0.029256515,0.045062891,0.018863208,0.007986,-0.019,-0.077536,3.38E-05
6/1/11,-0.004277,-0.008688499,-0.008941,0.010151,-0.005028924,-1,-1,1,0.020465,-0.004802169,-0.004883818,-0.03221133,-0.013979922,0.001463,0.018549,-0.045047,3.09E-05
7/1/11,-0.029993,0.022474781,0.010422,0.021218,-0.01187546,-1,-1,1,-0.039745,-0.030012656,-0.004220059,0.055704066,0.030432064,0.043693,-0.024496,0.028334,3.38E-05
8/1/11,-0.07711,0.028332262,-0.037045,-0.014219,0.008105353,-1,-1,1,-0.06797,-0.082443201,-0.092665439,0.092651205,0.00162989,0.014113,-0.058073,-0.021869,1.87E-05
9/1/11,-0.120219,0.013968804,-0.035966,-0.024878,0.058301872,-1,-1,1,-0.094113,-0.113768296,-0.176670404,0.085461389,-0.002573265,-0.01091,-0.131199,-0.124085,1.28E-05
10/1/11,0.076465,-0.000214947,0.051376,0.031145,-0.032110224,1,1,1,0.117158,0.073033667,0.138203445,-0.009156364,0.023859986,0.03093,0.148804,0.096833,1.40E-05
11/1/11,-0.002049,-0.003104715,-0.010092,-0.004295,0.02668618,1,1,1,0.023752,-0.002554949,-0.008898845,-0.013457986,-0.027318346,-0.007399,-0.011152,0.018495,1.11E-05
12/1/11,-0.006283,0.01163333,0.022927,-0.008145,0.013914807,1,1,1,0.011797,-0.005522927,-0.042927608,0.042319698,0.023466641,0.003488,0.057262,-0.015721,8.75E-06
1/1/12,0.066572,0.001594104,0.032289,0.020964,-0.009988407,1,1,1,0.060435,0.066036716,0.124190477,-0.012613416,0.020005811,0.022558,0.073675,0.022458,3.15E-05
2/1/12,0.039079,-0.007076052,0.022561,-0.000618,-0.006631174,1,1,1,0.037933,0.040013927,0.046662333,-0.019823411,0.007894068,-0.007694,-0.009799,0.0751,7.35E-05
3/1/12,0.002436,-0.007222742,-0.002103,0.001237,0.00822136,1,1,1,0.032309,0.005025063,-0.024900551,-0.027272473,-0.007070378,-0.005986,0.045864,-0.020415,7.35E-05
4/1/12,-0.028465,0.012299112,0.01305,0.006601,-0.006262408,1,1,1,-0.009749,-0.031294342,-0.018145848,0.035441083,0.011537465,0.018901,0.028547,-0.017843,6.71E-05
5/1/12,-0.125669,0.023898341,-0.020592,-0.000584,0.046567221,1,1,1,-0.089983,-0.125127875,-0.123281104,0.106814319,0.013572742,0.023315,-0.070001,-0.155353,7.64E-05
6/1/12,0.088882,-0.008339706,0.026349,-0.002334,-0.015052354,1,1,1,0.070412,0.093642265,0.05795387,-0.034534305,-3.09E-05,-0.010673,0.096638,0.034976,7.70E-05
7/1/12,0.006649,0.007720656,0.020577,0.009712,0.001852289,1,1,1,0.00266,0.005170219,0.017854319,0.027170443,0.026539061,0.017433,0.008128,0.070376,8.04E-05
8/1/12,0.032194,0.000911917,0.010165,-0.002295,-0.013395899,1,1,1,0.02847,0.030601065,0.001011721,-0.004840855,0.004404415,-0.001383,0.008833,0.060667,8.39E-05
9/1/12,0.037395,-0.002514252,0.015273,0.009325,-0.011920932,1,1,1,0.028198,0.036188138,0.057010725,-0.018357041,0.008435161,0.006811,-0.014942,-0.012368,8.98E-05
10/1/12,0.00417,-0.00345978,0.008633,0.008794,0.005912211,1,1,1,-0.008361,0.005123434,-0.004161538,-0.00988818,0.009012987,0.005335,0.004423,-0.040774,9.21E-05
11/1/12,0.018237,0.006307084,0.006807,0.000069,0.00222265,1,1,1,-0.009275,0.022794568,0.009018411,0.020561921,0.000829111,0.006376,-0.004804,0.014132,8.10E-05
12/1/12,0.026949,-0.004068705,0.015756,-0.002429,0.002106017,1,1,1,0.016511,0.02742083,0.04883742,-0.01968095,-0.000637973,-0.006497,0.028587,-0.007606,5.01E-05
1/1/13,0.055687,-0.008866647,0.013875,-0.00062,-0.000984186,1,1,1,0.064635,0.059106096,0.017062738,-0.041677529,-0.01070769,-0.009487,0.049398,0.049273,6.53E-05
2/1/13,-0.023169,0.007285008,0.00478,-0.001553,0.030598346,1,1,1,0.005033,-0.023016141,-0.017284626,0.024127142,0.010590025,0.005732,0.01085,-0.057204,7.52E-05
3/1/13,0.011736,0.000768936,0.010501,0.001375,0.008109364,1,1,1,0.030986,0.01240937,-0.019098906,-0.00112074,0.000429912,0.002144,0.030573,0.0134,7.46E-05
4/1/13,0.048162,0.009515815,0.019955,-0.003887,-0.01043694,1,1,1,0.01184,0.055904684,0.010129347,0.043791885,0.019853312,0.005629,0.046967,-0.064937,4.89E-05
5/1/13,-0.023535,-0.018580983,-0.008096,-0.024674,0.024083836,1,1,1,0.039604,-0.02631799,-0.033881546,-0.071251608,-0.026203407,-0.043255,-0.053977,0.018295,4.02E-05
6/1/13,-0.022487,-0.010218615,-0.02483,-0.024683,0.002575714,1,1,1,-0.0114,-0.020004756,-0.051781357,-0.029360876,-0.026495975,-0.034902,-0.030297,-0.001446,3.79E-05
7/1/13,0.052875,-0.006349264,0.017227,0.007166,-0.015958564,1,1,1,0.061305,0.052242434,0.016332971,-0.04141067,9.47E-05,0.000817,0.004873,0.054354,3.09E-05
8/1/13,-0.009472,0.000483892,-0.005808,-0.009612,0.008877635,1,1,1,-0.041535,-0.009027346,-0.014331576,0.01412153,1.78E-05,-0.009128,-0.058239,0.020761,3.55E-05
9/1/13,0.061787,0.00529398,0.01081,0.007963,-0.023657545,1,1,1,0.044913,0.063936471,0.064694674,-0.002565828,0.006033802,0.013257,0.049865,-0.038356,1.51E-05
10/1/13,0.019221,0.00336526,0.024185,-0.003883,0.002484254,1,1,1,0.036391,0.018220454,0.032903679,0.008030098,0.011767831,-0.000518,0.031454,-0.02624,4.19E-05
11/1/13,0.009774,-0.000454783,0.005053,-0.003247,0.010952449,1,1,1,0.023188,0.011483887,-0.013068545,-0.015135052,0.001902697,-0.003702,-0.054979,0.014428,5.65E-05
12/1/13,0.021909,-0.00872123,0.005397,-0.005955,-0.000838517,1,1,1,0.029008,0.022296284,-0.009758829,-0.019562541,-0.00163288,-0.014676,0.014987,0.013694,5.42E-05
1/1/14,-0.049006,0.013068552,0.007011,0.006693,0.019069608,1,1,1,-0.05487,-0.049223279,-0.074247353,0.057002596,0.01812396,0.019762,0.015713,-0.021333,4.31E-05
2/1/14,0.046232,0.002576886,0.020231,0.001901,-0.013596395,1,1,1,0.064581,0.045690684,0.027075681,0.008487585,0.010398998,0.004478,0.0655,0.067488,3.96E-05
3/1/14,0.017895,-0.003872796,0.00305,-0.002866,0.001144513,1,1,1,0.022264,0.017655787,0.054461503,4.04E-06,-0.000752963,-0.006739,0.007657,-0.026827,4.19E-05
4/1/14,0.015678,0.008263516,0.006042,0.011474,-0.007536538,1,1,1,-0.005873,0.014772047,-0.001779985,0.036594478,0.016759077,0.019737,0.029376,0.013928,2.62E-05
5/1/14,0.015413,0.007325842,0.008801,0.009659,0.005276847,1,1,1,0.022277,0.015993277,0.036268983,0.020174831,0.0103358,0.016985,0.024267,0.002441,2.91E-05
6/1/14,0.019006,-0.003391657,0.008643,0.002279,-0.009655921,1,1,1,0.030821,0.015081583,0.025906376,-0.011596766,-0.002125462,-0.001113,0.013135,0.021638,2.79E-05
7/1/14,-0.031476,0.003158718,-0.018888,0.003014,0.019732593,1,1,1,-0.028148,-0.033789176,0.014130422,0.018785938,0.003893024,0.006172,-0.006735,-0.058104,2.10E-05
8/1/14,0.008299,0.007691256,0.021305,-0.005085,0.009990117,1,1,1,0.043745,0.005828104,0.030837125,0.038386888,0.012864653,0.002607,0.035689,-0.009703,2.50E-05
9/1/14,-0.048614,-0.000605337,-0.019289,-0.016933,0.039729358,1,1,1,-0.033391,-0.045918018,-0.08400128,-0.002659922,-0.007489888,-0.017538,-0.05539,-0.062227,1.92E-05
10/1/14,-0.019297,0.004669899,0.010194,-0.003781,0.009653953,1,1,1,0.041572,-0.018488926,0.014816472,0.011296964,0.003178772,0.000889,0.093608,-0.064498,1.40E-05
11/1/14,0.021751,0.006734303,-0.014062,-0.005693,0.018473386,1,1,1,0.016468,0.023541285,-0.024356491,0.02256571,0.003935276,0.001041,0.012604,-0.08271,1.63E-05
12/1/14,-0.029958,0.002669099,-0.007707,-0.012414,0.020327334,1,1,1,0.007651,-0.031623852,-0.026695633,0.035465405,0.00340059,-0.009744,0.014302,-0.155282,2.21E-05
1/1/15,0.002981,0.025618784,0.006607,0.00586,0.053625925,1,1,1,-0.015855,0.009708038,0.008702828,0.088438636,0.030337334,0.031478,0.054097,-0.059164,2.45E-05
2/1/15,0.049694,-0.01534195,0.024104,0.003293,0.000595803,1,1,1,0.050828,0.051170863,0.026515533,-0.055251295,-0.010132655,-0.012049,-0.019236,0.026451,1.34E-05
3/1/15,-0.010973,0.009185824,-0.005248,-0.006037,0.026534256,1,1,1,-0.020838,-0.009363053,-0.003662648,0.023679719,0.007831607,0.003148,0.006205,-0.025507,2.21E-05
4/1/15,0.040044,-0.011852873,0.012026,0.006568,-0.033133862,1,1,1,0.018966,0.037231797,0.066155389,-0.055950149,-0.016471342,-0.005285,-0.040538,0.078846,1.86E-05
5/1/15,-0.009131,-0.003055316,0.002542,-0.008381,0.020386565,1,1,1,0.005086,-0.005167115,-0.039338251,-0.020764869,-0.009413246,-0.011436,0.002632,-0.017373,1.34E-05
6/1/15,-0.018181,-0.008182567,-0.012498,0.001528,-0.011088454,1,1,1,-0.013243,-0.016869444,-0.024254701,-0.037047793,-0.014524389,-0.006655,-0.039644,-0.018004,1.34E-05
7/1/15,0.007697,0.012611873,-0.007923,-0.005629,0.023416476,1,1,1,0.007747,0.012050757,-0.079677891,0.05183624,0.010739276,0.006983,0.039278,-0.147469,2.91E-05
8/1/15,-0.093336,0.001476506,-0.018571,-0.011641,-0.003014568,1,1,1,-0.083911,-0.094857763,-0.098831773,0.000204839,-0.005059771,-0.010164,-0.078913,-0.015768,5.53E-05
9/1/15,-0.020377,0.008157718,-0.026886,-0.007092,0.005018376,1,1,1,0.003427,-0.020497007,-0.001501546,0.01927757,0.006734717,0.001066,0.042418,-0.027453,1.57E-05
10/1/15,0.064349,-0.004151935,0.029611,0.002252,-0.002957555,1,1,1,0.092108,0.066281882,0.066932709,-0.009250204,0.004030664,-0.0019,0.079243,0.001611,1.57E-05
11/1/15,-0.004573,-0.000528413,-0.019977,0.003207,0.030731553,1,1,1,0.001941,-0.003483653,-0.028419067,0.004317282,0.002481891,0.002678,-0.010844,-0.078084,0.000101852
12/1/15,-0.025108,-0.005132982,-0.027426,-0.0064,-0.004285135,1,1,1,-0.029494,-0.020550772,-0.034960744,-0.012637154,-0.012418699,-0.011533,-0.000828,-0.090491,0.000186225
1/1/16,-0.061896,0.018808156,-0.017918,-0.007631,0.011962159,1,1,1,-0.055124,-0.064218292,-0.064347017,0.045892366,0.000111685,0.011177,-0.033953,-0.076118,0.000217028
2/1/16,-0.011061,0.00545202,0.016537,0.006144,-0.022694722,1,1,1,0.023712,-0.017412367,0.014880535,0.018129729,0.007319018,0.011596,0.021567,0.009421,0.000248394
3/1/16,0.036116,0.006267476,0.035171,0.013954,-0.037473407,1,1,1,0.051944,0.033654016,0.099601279,0.015874391,0.031581098,0.020221,0.072566,0.022858,0.000253567
4/1/16,0.051411,-0.000327755,0.039249,0.00474,-0.0194801,1,1,1,0.00872,0.049021099,0.013076783,-0.005293686,0.01414559,0.004412,-0.002171,0.109346,0.000195941
5/1/16,-0.010807,-0.000530282,0.004128,-0.007978,0.032602209,1,1,1,0.011779,-0.009228902,-0.032246056,0.009593454,-0.001518999,-0.008508,0.009775,0.039373,0.000229619
6/1/16,-0.018297,0.024513073,0.01523,0.003309,-0.002790698,1,1,1,0.003738,-0.021148443,0.04769473,0.072340304,0.027326636,0.027822,0.066622,0.005294,0.000223754
7/1/16,0.037188,-0.000312419,0.022939,-0.002418,-0.006087168,1,1,1,0.03522,0.03859622,0.055367078,0.003260048,0.00708926,-0.002731,0.041594,-0.11989,0.000252757
8/1/16,0.010802,-0.003242207,0.020563,0.003946,0.006008935,1,1,1,0.004009,0.010329586,0.011913821,-0.001221112,0.005227245,0.000703,-0.038314,0.020075,0.000255017
9/1/16,0.007593,-0.001295152,0.007099,0.007518,-0.007079326,1,1,1,-0.002355,0.008083888,0.025121384,-0.016874534,-0.002246072,0.006223,-0.028512,0.067589,0.000257855
10/1/16,-0.020021,-0.00969273,-0.001144,0.006614,0.029255307,1,1,1,-0.024218,-0.021374257,-0.009348657,-0.037464382,-0.008004921,-0.003079,-0.054193,-0.024027,0.000259531
11/1/16,-0.0145,-0.031292397,0.000178,0.009099,0.028685204,1,1,1,0.049532,-0.018719014,-0.048274456,-0.090080845,-0.030832501,-0.022193,-0.01357,0.048825,0.000372072
12/1/16,0.034377,0.00294302,0.018519,-0.001785,0.005295184,1,1,1,0.024148,0.036538878,0.007597312,0.008099748,0.010719615,0.001158,0.058115,0.026598,0.000407328
1/1/17,0.028057,0.00099835,0.015519,0.006465,-0.02708968,1,1,1,0.0181,0.02739177,0.059637104,-0.000597532,0.001718145,0.007463,-0.0088,0.00051,0.000467482
2/1/17,0.015076,-0.000219473,0.015986,-0.001205,0.012105698,1,1,1,0.051317,0.017295851,0.028893324,0.001664838,0.006801117,-0.001424,0.050463,-0.00984,0.000404653
3/1/17,0.018458,0.005875428,-0.004614,0.000673,-0.003149895,1,1,1,-0.015722,0.02050742,0.030352138,0.01309577,0.003663947,0.006548,-0.00981,-0.047995,0.000675114
4/1/17,0.028427,0.004366138,0.011997,-0.003179,-0.002576623,1,1,1,0.01523,0.033026077,0.016693951,0.005809682,0.008012344,0.001187,0.010069,-0.017285,0.000620223
5/1/17,0.03537,0.008114917,0.009329,-0.004349,-0.01788662,1,1,1,0.017014,0.038053045,0.031248176,0.027475753,0.013341092,0.003766,-0.001752,-0.013798,0.000767419
6/1/17,0.000023,-0.00070014,0.000279,-0.008262,-0.016811927,1,1,1,0.002698,-0.001859451,0.011823285,0.006320906,0.003888486,-0.008962,0.025728,-0.003772,0.000873817
7/1/17,0.036043,0.003987849,0.011805,0.002155,-0.02982284,1,1,1,0.01812,0.035078042,0.058683365,0.00227153,0.010397794,0.006143,0.004595,0.017437,0.000858609
8/1/17,-0.003572,0.006125976,-0.000505,0.001434,-0.000468133,1,1,1,0.002555,-0.00464897,0.02337995,0.018053411,0.002424695,0.00756,0.003272,0.006427,0.000874614
9/1/17,0.021013,-0.006273451,0.008366,0.00123,0.003946236,1,1,1,0.026364,0.020001471,-0.005951552,-0.014149291,0.000519417,-0.005043,-0.008289,0.018489,0.000883655
10/1/17,0.017646,-0.001231869,0.0046,0.003749,0.018607096,1,1,1,0.017553,0.020024944,0.0430425,0.001088421,0.00427242,0.002517,0.001323,0.052222,0.000894977
11/1/17,0.000536,0.001910713,-0.002873,0.002982,-0.012100499,1,1,1,0.0276,-0.001047564,-0.011018933,0.018296529,0.002419441,0.004892,0.026818,0.026263,0.001024302
12/1/17,0.024908,-0.000116759,0.002968,0.005284,-0.01331127,1,1,1,0.012692,0.024591924,0.040103029,0.004129867,0.004985823,0.005167,-0.002884,0.031379,0.001017502
1/1/18,0.046916,-0.0164268,0.005007,0.004419,-0.029941434,1,1,1,0.052478,0.051077642,0.079376481,-0.042973364,-0.012450965,-0.012008,-0.049256,0.042601,0.001327326
2/1/18,-0.060285,-0.001086994,-0.009299,-0.001924,0.019290554,1,1,1,-0.048248,-0.059140384,-0.043974977,-0.012157221,-0.011970047,-0.003011,-0.056119,-0.046203,0.001215963
3/1/18,-0.004075,0.00588984,-0.004258,0.001808,-0.002606024,1,1,1,-0.031321,-0.003246599,-0.017055795,0.022660725,0.001127024,0.007698,0.026595,0.009943,0.001505643
4/1/18,0.018215,-0.01013973,0.00545,0.005158,0.01577901,1,1,1,0.029583,0.017093239,-0.004751501,-0.026036272,-0.012791132,-0.004982,0.025344,0.057894,0.001414676
5/1/18,-0.008206,0.007192321,0.001654,-0.002722,0.018715543,1,1,1,0.03537,-0.011287113,-0.025275978,0.017546516,0.004808302,0.00447,0.03287,0.015722,0.001604692
6/1/18,-0.026838,0.004199276,0.003131,0.004692,0.007906555,1,1,1,-0.000469,-0.029390029,-0.05803453,0.012951856,-0.001726689,0.008891,0.03181,0.006325,0.001634642
7/1/18,0.035704,-0.006339229,0.011215,-0.002079,-0.002102841,1,1,1,0.030346,0.036680159,0.032137499,-0.0228242,0.005801449,-0.008418,0.016921,-0.035008,0.001628557
8/1/18,-0.018291,0.009692746,0.007074,0.000027,0.005263727,1,1,1,0.035904,-0.01863389,-0.034362655,0.023364137,0.00744943,0.00972,0.018466,0.026868,0.001690172
9/1/18,0.010218,-0.010489003,0.007495,-0.001682,-0.001617605,1,1,1,0.003224,0.00988393,0.001846872,-0.035022248,-0.004417411,-0.012171,-0.032415,0.060332,0.001826984