,baa_aaa_mo,baa_trea_avg,Term_10y_3m,T10y3m_avg,inflation,Inflation-m,real_interest,unemploy,umem-true,gdp_growth,rcon_growth,gdp-adjusted,rcon-adjusted,Dollar,CFNAI,CFNAIMA3,PI-CFNAI,CH-CFNAI,UNEM-CFNAI
1/1/86,1.389,2.24,1.710,1.892,3.886,-0.274,3.844,-4.286,0.000,0.927,0.847,0.000,0.000,-1.335,0.801,0.566,0.320,0.124,0.120
2/1/86,1.446,2.41,1.800,1.414,3.113,-0.457,4.497,7.463,-4.286,0.927,0.847,0.000,0.000,-4.092,-0.819,0.134,-0.424,0.049,-0.280
3/1/86,1.500,2.72,0.800,1.015,2.256,-0.184,4.774,0.000,7.463,0.927,0.847,0.000,0.000,0.314,-0.303,-0.107,-0.308,0.123,-0.020
4/1/86,1.402,2.89,0.850,1.064,1.590,0.276,4.850,-1.389,0.000,0.459,1.118,0.000,0.000,-4.927,0.576,-0.182,-0.003,0.190,0.050
5/1/86,1.197,2.58,1.160,1.375,1.491,0.551,5.159,1.408,-1.389,0.459,1.118,0.000,0.000,4.280,-0.168,0.035,0.024,0.157,-0.040
6/1/86,1.207,2.54,1.760,1.403,1.766,0.000,4.964,0.000,1.408,0.459,1.118,0.000,0.000,-3.702,-0.289,0.040,-0.248,0.052,-0.190
7/1/86,1.289,2.86,1.200,1.304,1.577,0.183,4.693,-2.778,0.000,1.008,1.811,0.000,0.000,-2.859,0.528,0.024,0.124,0.137,0.260
8/1/86,1.459,3.02,1.400,1.480,1.574,0.456,4.356,-1.429,-2.778,1.008,1.811,0.000,0.000,-0.501,0.085,0.108,0.000,0.134,0.040
9/1/86,1.313,2.75,1.700,2.095,1.754,0.091,4.016,1.449,-1.429,1.008,1.811,0.000,0.000,0.096,0.787,0.467,-0.013,0.360,0.140
10/1/86,1.375,2.81,2.080,2.103,1.472,0.091,4.248,0.000,1.449,0.518,0.640,0.000,0.000,2.579,-0.199,0.225,0.130,-0.174,0.020
11/1/86,1.387,2.81,1.930,1.751,1.284,0.091,4.516,-1.429,0.000,0.518,0.640,0.000,0.000,-1.928,0.126,0.238,0.118,-0.003,0.130
12/1/86,1.478,2.86,1.610,1.430,1.098,0.633,4.772,-4.348,-1.429,0.518,0.640,0.000,0.000,-1.812,1.159,0.362,0.350,0.370,0.180
1/1/87,1.366,2.64,1.480,1.507,1.460,0.360,4.320,0.000,-4.348,0.699,0.016,0.000,0.000,-3.184,-0.976,0.103,-0.263,-0.281,0.020
2/1/87,1.269,2.40,1.460,1.499,2.104,0.448,3.856,0.000,0.000,0.699,0.016,0.000,0.000,-0.571,1.929,0.704,0.667,0.344,0.320
3/1/87,1.246,2.36,1.540,1.483,3.033,0.535,2.997,0.000,0.000,0.699,0.016,0.000,0.000,-2.923,0.246,0.400,-0.045,0.087,0.200
4/1/87,1.191,2.02,1.880,2.207,3.775,0.355,2.725,-4.545,0.000,1.122,1.387,0.000,0.000,-0.837,0.487,0.887,0.183,0.093,0.310
5/1/87,1.188,1.90,2.610,2.767,3.857,0.354,3.143,0.000,-4.545,1.122,1.387,0.000,0.000,1.422,0.726,0.486,0.393,0.039,0.300
6/1/87,1.201,2.12,2.530,2.548,3.653,0.264,3.147,-1.587,0.000,1.122,1.387,0.000,0.000,0.523,0.359,0.524,0.105,0.096,0.050
7/1/87,1.191,2.16,2.540,2.568,3.927,0.527,2.753,-1.613,-1.587,0.907,1.159,0.000,0.000,1.312,1.013,0.699,0.378,0.079,0.380
8/1/87,1.134,2.04,2.560,2.527,4.284,0.524,2.746,-1.639,-1.613,0.907,1.159,0.000,0.000,-2.905,0.526,0.632,0.383,0.139,0.210
9/1/87,1.126,1.88,2.730,2.800,4.356,0.261,3.314,-1.667,-1.639,0.907,1.159,0.000,0.000,1.402,0.655,0.731,0.152,-0.032,0.210
10/1/87,1.102,2.09,2.800,3.169,4.533,0.087,3.057,1.695,-1.667,1.651,0.210,0.000,0.000,-3.812,1.272,0.818,0.810,-0.002,0.410
11/1/87,1.211,2.37,3.130,2.971,4.529,0.000,2.431,-3.333,1.695,1.651,0.210,0.000,0.000,-3.807,0.473,0.800,0.229,0.054,0.240
12/1/87,1.173,2.30,3.290,3.028,4.434,0.260,2.736,-1.724,-3.333,1.651,0.210,0.000,0.000,-4.409,0.768,0.838,0.306,0.090,0.200
1/1/88,1.192,2.40,2.740,2.661,4.047,0.259,2.943,0.000,-1.724,0.562,1.779,0.000,0.000,3.860,-0.190,0.351,-0.109,0.036,-0.040
2/1/88,1.223,2.41,2.400,2.370,3.943,0.431,2.697,0.000,0.000,0.562,1.779,0.000,0.000,0.011,0.848,0.475,0.149,0.036,0.420
3/1/88,1.185,2.20,2.370,2.503,3.925,0.515,2.785,0.000,0.000,0.562,1.779,0.000,0.000,-2.812,0.558,0.405,0.059,0.132,0.130
4/1/88,1.226,2.18,2.640,2.636,3.904,0.342,3.106,-5.263,0.000,1.321,0.733,0.000,0.000,0.466,0.524,0.643,0.319,-0.034,0.310
5/1/88,1.140,1.95,2.650,2.635,3.890,0.426,3.510,3.704,-5.263,1.321,0.733,0.000,0.000,1.187,-0.044,0.346,-0.158,0.073,0.010
6/1/88,1.148,2.08,2.360,2.257,3.965,0.424,3.525,-3.571,3.704,1.321,0.733,0.000,0.000,3.980,0.762,0.414,0.083,0.045,0.370
7/1/88,1.150,2.06,2.010,2.108,4.130,0.422,3.620,0.000,-3.571,0.578,0.854,0.000,0.000,0.792,0.052,0.257,-0.038,0.022,0.140
8/1/88,1.103,1.95,1.920,1.961,4.021,0.672,4.149,3.704,0.000,0.578,0.854,0.000,0.000,1.738,-0.011,0.268,0.081,0.064,-0.160
9/1/88,1.077,1.92,1.730,1.499,4.174,0.334,3.916,-3.571,3.704,0.578,0.854,0.000,0.000,-1.107,0.209,0.083,-0.077,-0.033,0.210
10/1/88,0.907,1.61,1.340,1.199,4.250,0.083,3.860,0.000,-3.571,1.325,1.144,0.000,0.000,-3.924,0.699,0.299,0.261,0.133,0.260
11/1/88,1.032,1.52,1.100,0.934,4.246,0.166,4.234,-1.852,0.000,1.325,1.144,0.000,0.000,-3.008,0.378,0.428,0.022,0.065,0.220
12/1/88,1.078,1.54,0.890,0.757,4.419,0.498,4.571,0.000,-1.852,1.325,1.144,0.000,0.000,1.841,0.839,0.638,0.226,0.078,0.210
1/1/89,1.034,1.56,0.800,0.533,4.667,0.413,4.383,1.887,0.000,1.008,0.462,0.000,0.000,3.031,0.463,0.560,0.235,0.057,0.200
2/1/89,0.974,1.44,0.320,0.332,4.828,0.576,4.422,-3.704,1.887,1.008,0.462,0.000,0.000,-1.028,-0.517,0.262,-0.423,-0.066,0.170
3/1/89,0.866,1.31,0.380,0.215,4.979,0.654,4.591,-3.846,-3.704,1.008,0.462,0.000,0.000,2.747,-0.171,-0.075,-0.053,-0.015,0.100
4/1/89,0.823,1.44,0.060,0.213,5.124,0.569,4.236,4.000,-3.846,0.786,0.470,0.000,0.000,-0.320,0.130,-0.186,-0.037,0.050,-0.010
5/1/89,0.890,1.60,0.200,0.123,5.362,0.242,3.618,0.000,4.000,0.786,0.470,0.000,0.000,4.931,-0.899,-0.313,-0.601,-0.029,-0.090
6/1/89,0.937,1.76,-0.310,-0.157,5.169,0.242,3.271,1.923,0.000,0.786,0.470,0.000,0.000,-0.033,-0.265,-0.345,-0.041,-0.003,-0.100
7/1/89,0.943,1.86,-0.140,-0.129,4.979,0.161,2.911,-1.887,1.923,0.746,0.994,0.000,0.000,-4.047,-1.179,-0.781,-0.768,0.026,-0.110
8/1/89,0.918,1.76,-0.150,-0.057,4.706,0.321,3.474,0.000,-1.887,0.746,0.994,0.000,0.000,3.612,0.662,-0.261,0.348,0.099,-0.140
9/1/89,0.907,1.72,0.070,0.176,4.341,0.480,3.879,1.923,0.000,0.746,0.994,0.000,0.000,-2.488,-0.700,-0.406,-0.297,-0.060,-0.110
10/1/89,0.891,1.80,0.110,0.108,4.493,0.239,3.497,0.000,1.923,0.212,0.440,0.000,0.000,0.265,-0.550,-0.196,-0.198,-0.059,-0.050
11/1/89,0.921,1.94,-0.140,-0.070,4.655,0.159,3.115,1.887,0.000,0.212,0.440,0.000,0.000,-1.066,0.235,-0.338,0.008,-0.001,0.090
12/1/89,0.962,1.98,0.030,-0.044,4.647,1.031,3.073,0.000,1.887,0.212,0.440,0.000,0.000,-1.721,-0.083,-0.133,0.080,0.031,-0.140
1/1/90,0.954,1.74,0.110,0.309,5.202,0.471,2.718,0.000,0.000,1.095,0.859,0.000,0.000,0.159,-0.293,-0.047,-0.418,0.121,0.350
2/1/90,0.922,1.67,0.400,0.471,5.263,0.547,2.847,-1.852,0.000,1.095,0.859,0.000,0.000,0.943,0.837,0.154,0.500,-0.083,0.110
3/1/90,0.838,1.62,0.510,0.419,5.233,0.155,3.117,-1.887,-1.852,1.095,0.859,0.000,0.000,1.271,0.196,0.247,0.166,-0.011,-0.060
4/1/90,0.838,1.52,0.600,0.745,4.712,0.233,3.688,3.846,-1.887,0.387,0.313,0.000,0.000,-0.200,-0.992,0.014,-0.231,-0.052,-0.360
5/1/90,0.946,1.65,0.890,0.751,4.362,0.542,3.958,0.000,3.846,0.387,0.313,0.000,0.000,-0.864,-0.137,-0.311,-0.021,-0.082,-0.180
6/1/90,0.964,1.74,0.500,0.493,4.674,0.385,3.426,-3.704,0.000,0.387,0.313,0.000,0.000,-1.399,-0.169,-0.432,0.057,-0.037,-0.120
7/1/90,0.953,1.72,0.430,0.597,4.823,0.920,3.117,5.769,-3.704,0.024,0.403,0.000,0.000,-3.684,-0.918,-0.408,-0.221,-0.051,-0.420
8/1/90,1.004,1.66,0.620,1.058,5.618,0.836,2.162,3.636,5.769,0.024,0.403,0.000,0.000,-0.868,-0.543,-0.543,-0.068,-0.093,-0.490
9/1/90,1.072,1.74,1.260,1.295,6.160,0.603,1.600,3.509,3.636,0.024,0.403,0.000,0.000,-1.147,-1.140,-0.867,-0.122,-0.113,-0.410
10/1/90,1.210,2.02,1.340,1.320,6.290,0.225,1.260,0.000,3.509,-0.852,-0.756,0.000,0.000,-2.713,-1.578,-1.087,-0.692,-0.186,-0.530
11/1/90,1.323,2.23,1.290,1.102,6.275,0.000,1.035,5.085,0.000,-0.852,-0.756,0.000,0.000,0.431,-2.100,-1.606,-0.805,-0.095,-0.730
12/1/90,1.381,2.36,0.940,1.126,6.106,0.598,0.944,1.613,5.085,-0.852,-0.756,0.000,0.000,0.532,-1.426,-1.701,-0.574,-0.219,-0.350
1/1/91,1.410,2.36,1.310,1.682,5.651,0.149,0.989,1.587,1.613,-0.469,-0.345,0.000,0.000,-1.571,-1.630,-1.719,-0.564,-0.337,-0.510
2/1/91,1.239,2.21,1.740,1.738,5.313,0.148,0.958,3.125,1.587,-0.469,-0.345,0.000,0.000,1.405,-1.603,-1.553,-0.584,-0.046,-0.880
3/1/91,1.162,1.98,1.850,2.017,4.895,0.148,1.505,3.030,3.125,-0.469,-0.345,0.000,0.000,6.354,-1.494,-1.576,-0.523,-0.019,-0.580
4/1/91,1.084,1.90,2.130,2.214,4.888,0.296,1.352,-1.471,3.030,0.776,0.839,0.000,0.000,-0.600,-0.219,-1.105,-0.012,-0.161,-0.390
5/1/91,1.008,1.80,2.300,2.434,4.954,0.295,1.176,2.985,-1.471,0.776,0.839,0.000,0.000,1.011,-0.291,-0.668,0.266,-0.094,-0.520
6/1/91,0.955,1.68,2.350,2.533,4.696,0.147,1.664,0.000,2.985,0.776,0.839,0.000,0.000,1.750,0.092,-0.140,0.444,-0.110,-0.050
7/1/91,0.896,1.62,2.500,2.522,4.448,0.294,1.862,-1.449,0.000,0.480,0.486,0.000,0.000,-1.484,-0.104,-0.101,-0.048,-0.055,-0.300
8/1/91,0.894,1.75,2.480,2.402,3.799,0.439,1.981,1.471,-1.449,0.480,0.486,0.000,0.000,-0.300,-0.484,-0.166,0.016,-0.148,-0.190
9/1/91,0.907,1.86,2.300,2.277,3.391,0.146,2.179,0.000,1.471,0.480,0.486,0.000,0.000,-3.142,0.395,-0.065,0.496,-0.105,-0.080
10/1/91,0.943,1.96,2.200,2.383,2.921,0.291,2.409,1.449,0.000,0.436,-0.026,0.000,0.000,-0.411,-0.686,-0.258,-0.208,-0.162,-0.300
11/1/91,0.972,2.04,2.590,2.728,2.990,0.073,1.900,0.000,1.449,0.436,-0.026,0.000,0.000,-0.720,-0.664,-0.318,-0.174,-0.063,-0.320
12/1/91,0.950,2.17,2.810,2.904,3.064,0.145,1.316,4.286,0.000,0.436,-0.026,0.000,0.000,-3.379,-1.122,-0.824,-0.298,-0.075,-0.320
1/1/92,0.930,2.10,2.820,3.126,2.600,0.362,1.550,0.000,4.286,1.182,1.877,0.000,0.000,2.842,-0.366,-0.717,-0.468,0.112,-0.240
2/1/92,0.939,1.89,3.400,3.388,2.819,0.505,1.471,1.370,0.000,1.182,1.877,0.000,0.000,1.798,0.033,-0.485,0.384,-0.030,-0.310
3/1/92,0.900,1.71,3.240,3.404,3.185,0.144,1.445,0.000,1.370,1.182,1.877,0.000,0.000,1.280,0.556,0.075,0.450,-0.060,-0.010
4/1/92,0.881,1.73,3.350,3.641,3.180,0.143,1.120,0.000,0.000,1.102,0.686,0.000,0.000,0.111,0.306,0.298,0.262,-0.077,0.010
5/1/92,0.850,1.74,3.840,3.673,3.024,0.358,1.166,2.703,0.000,1.102,0.686,0.000,0.000,-2.320,-0.088,0.258,0.236,-0.013,-0.070
6/1/92,0.827,1.79,3.570,3.517,3.088,0.214,1.082,2.632,2.703,1.102,0.686,0.000,0.000,-2.647,-0.076,0.047,-0.057,-0.058,-0.180
7/1/92,0.770,1.99,3.470,3.565,3.157,0.285,0.443,-1.282,2.632,0.973,1.082,0.000,0.000,-0.974,0.465,0.100,0.398,-0.042,-0.120
8/1/92,0.703,2.07,3.470,3.387,3.148,0.284,0.322,-1.299,-1.282,0.973,1.082,0.000,0.000,-2.679,-0.768,-0.126,-0.298,-0.040,-0.030
9/1/92,0.696,2.20,3.340,3.447,2.988,0.354,0.192,0.000,-1.299,0.973,1.082,0.000,0.000,2.554,-0.075,-0.126,-0.093,0.008,-0.160
10/1/92,0.849,2.25,3.560,3.656,3.202,0.141,0.098,-3.947,0.000,1.002,1.191,0.000,0.000,4.973,0.345,-0.166,0.254,-0.003,0.120
11/1/92,0.864,2.08,3.800,3.667,3.048,-0.070,0.632,1.370,-3.947,1.002,1.191,0.000,0.000,3.114,0.163,0.144,0.131,-0.054,0.070
12/1/92,0.833,2.04,3.540,3.479,2.901,0.493,0.809,0.000,1.370,1.002,1.191,0.000,0.000,0.554,0.531,0.347,0.093,0.027,0.110
1/1/93,0.761,2.07,3.410,3.529,3.259,0.351,0.241,-1.351,0.000,0.187,0.379,0.000,0.000,0.222,0.388,0.361,0.155,-0.051,0.280
2/1/93,0.684,2.13,3.370,3.266,3.247,0.349,0.143,-2.740,-1.351,0.187,0.379,0.000,0.000,-0.674,0.285,0.401,0.134,-0.074,0.220
3/1/93,0.563,2.17,2.910,2.961,3.087,0.279,0.243,-1.408,-2.740,0.187,0.379,0.000,0.000,-1.734,-0.706,-0.011,-0.179,-0.153,-0.240
4/1/93,0.680,2.17,3.100,3.039,3.226,0.139,0.014,1.429,-1.408,0.594,0.898,0.000,0.000,-1.810,0.344,-0.025,0.131,0.068,0.170
5/1/93,0.785,2.18,3.030,3.011,3.221,0.139,0.139,0.000,1.429,0.594,0.898,0.000,0.000,-1.002,-0.076,-0.146,-0.236,-0.005,0.200
6/1/93,0.743,2.11,2.930,2.818,2.996,0.000,0.544,-1.408,0.000,0.594,0.898,0.000,0.000,2.835,-0.031,0.079,-0.153,-0.015,-0.010
7/1/93,0.759,2.13,2.740,2.694,2.776,0.277,0.694,-1.429,-1.408,0.487,1.104,0.000,0.000,0.687,0.051,-0.019,0.065,0.024,0.170
8/1/93,0.749,1.92,2.680,2.587,2.768,0.207,0.672,-1.449,-1.429,0.487,1.104,0.000,0.000,-0.176,-0.006,0.005,-0.172,-0.037,0.150
9/1/93,0.685,1.98,2.380,2.351,2.689,0.414,0.671,-1.471,-1.449,0.487,1.104,0.000,0.000,-0.019,0.490,0.179,0.190,0.039,0.120
10/1/93,0.642,1.98,2.360,2.242,2.750,0.069,0.640,1.493,-1.471,1.335,0.885,0.000,0.000,1.131,0.548,0.344,0.304,0.004,0.180
11/1/93,0.733,1.94,2.380,2.545,2.676,0.000,0.904,-2.941,1.493,1.335,0.885,0.000,0.000,1.287,0.458,0.499,0.130,0.027,0.250
12/1/93,0.753,1.91,2.630,2.646,2.748,0.274,0.862,-1.515,-2.941,1.335,0.885,0.000,0.000,0.566,0.745,0.584,0.385,0.065,0.280
1/1/94,0.725,1.90,2.760,2.706,2.525,0.342,1.015,1.538,-1.515,0.981,1.147,0.000,0.000,-1.279,0.136,0.446,-0.059,-0.034,0.160
2/1/94,0.688,1.79,2.670,2.643,2.516,0.341,1.354,0.000,1.538,0.981,1.147,0.000,0.000,-1.110,0.226,0.369,-0.026,0.079,0.060
3/1/94,0.645,1.65,2.700,2.892,2.507,0.136,1.813,-1.515,0.000,0.981,1.147,0.000,0.000,-0.532,1.407,0.590,0.570,0.057,0.490
4/1/94,0.641,1.55,3.340,3.192,2.361,0.068,2.459,-1.538,-1.515,1.366,0.775,0.000,0.000,-0.527,0.486,0.706,0.297,0.037,0.250
5/1/94,0.632,1.44,2.990,2.916,2.288,0.339,3.022,-4.688,-1.538,1.366,0.775,0.000,0.000,0.543,0.777,0.890,0.281,-0.021,0.400
6/1/94,0.682,1.55,2.840,2.852,2.493,0.270,2.777,0.000,-4.688,1.366,0.775,0.000,0.000,-2.990,0.640,0.634,0.200,0.062,0.160
7/1/94,0.690,1.51,3.020,2.842,2.770,0.404,2.710,0.000,0.000,0.590,0.775,0.000,0.000,0.562,0.200,0.539,0.059,-0.013,0.240
8/1/94,0.666,1.50,2.680,2.624,2.901,0.268,2.659,-1.639,0.000,0.590,0.775,0.000,0.000,-0.380,1.096,0.645,0.308,0.081,0.240
9/1/94,0.640,1.52,2.520,2.706,2.963,0.067,2.797,-1.667,-1.639,0.590,0.775,0.000,0.000,-1.817,0.383,0.560,0.150,0.030,0.300
10/1/94,0.637,1.46,2.610,2.642,2.608,0.134,3.502,-1.695,-1.667,1.135,1.076,0.000,0.000,-1.605,0.917,0.799,0.487,0.074,0.220
11/1/94,0.633,1.36,2.690,2.506,2.675,0.000,3.865,-3.448,-1.695,1.135,1.076,0.000,0.000,2.837,0.836,0.712,0.270,0.015,0.350
12/1/94,0.642,1.29,2.210,2.049,2.675,0.401,4.465,-1.786,-3.448,1.135,1.076,0.000,0.000,0.461,0.946,0.900,0.474,0.030,0.240
1/1/95,0.622,1.30,1.930,1.878,2.804,0.399,4.246,1.818,-1.786,0.342,0.265,0.000,0.000,-0.340,0.239,0.673,0.045,-0.003,0.130
2/1/95,0.590,1.38,1.590,1.530,2.863,0.331,3.837,-3.571,1.818,0.342,0.265,0.000,0.000,-2.059,-0.291,0.298,-0.172,-0.090,0.030
3/1/95,0.581,1.50,1.290,1.294,2.853,0.330,3.577,0.000,-3.571,0.342,0.265,0.000,0.000,-4.206,-0.091,-0.048,0.004,0.021,-0.020
4/1/95,0.573,1.54,1.200,1.225,3.053,0.197,3.217,7.407,0.000,0.349,0.897,0.000,0.000,-1.583,-0.690,-0.357,-0.213,-0.054,-0.210
5/1/95,0.554,1.57,1.180,0.785,3.186,0.197,2.814,-3.448,7.407,0.349,0.897,0.000,0.000,0.912,-0.224,-0.335,0.006,0.056,-0.320
6/1/95,0.598,1.73,0.530,0.529,3.041,0.000,2.599,0.000,-3.448,0.349,0.897,0.000,0.000,-0.425,0.302,-0.204,0.075,0.067,0.110
7/1/95,0.628,1.76,0.530,0.685,2.763,0.262,2.827,1.786,0.000,0.857,0.917,0.000,0.000,0.627,-0.801,-0.241,-0.394,-0.040,-0.070
8/1/95,0.627,1.70,0.890,0.923,2.617,0.196,3.133,0.000,1.786,0.857,0.917,0.000,0.000,4.165,0.992,0.164,0.465,0.051,0.130
9/1/95,0.618,1.74,0.770,0.764,2.544,0.326,3.076,-1.754,0.000,0.857,0.917,0.000,0.000,-0.609,0.231,0.141,0.184,0.011,0.110
10/1/95,0.628,1.71,0.620,0.600,2.809,-0.065,2.781,-1.786,-1.754,0.709,0.703,0.000,0.000,0.234,-0.380,0.281,-0.263,-0.062,0.030
11/1/95,0.669,1.75,0.500,0.412,2.605,-0.065,2.825,1.818,-1.786,0.709,0.703,0.000,0.000,1.289,-0.093,-0.081,-0.068,0.103,-0.160
12/1/95,0.670,1.78,0.260,0.418,2.538,0.586,2.772,0.000,1.818,0.709,0.703,0.000,0.000,0.054,0.062,-0.137,0.003,0.064,-0.010
1/1/96,0.658,1.81,0.400,0.502,2.728,0.324,2.362,0.000,0.000,0.657,0.928,0.000,0.000,2.549,-1.304,-0.445,-0.601,-0.080,-0.310
2/1/96,0.640,1.82,0.600,0.841,2.651,0.516,2.289,-1.786,0.000,0.657,0.928,0.000,0.000,-1.147,1.138,-0.035,0.648,0.109,0.410
3/1/96,0.690,1.77,1.010,1.171,2.840,0.385,2.500,0.000,-1.786,0.657,0.928,0.000,0.000,0.299,-0.212,-0.126,-0.246,0.049,0.000
4/1/96,0.694,1.68,1.110,1.424,2.897,0.192,2.643,1.818,0.000,1.746,1.086,0.000,0.000,0.431,0.564,0.496,0.390,0.051,0.030
5/1/96,0.674,1.56,1.570,1.583,2.891,0.064,2.749,0.000,1.818,1.746,1.086,0.000,0.000,0.563,0.595,0.315,0.261,0.039,0.210
6/1/96,0.691,1.49,1.640,1.681,2.754,0.191,3.056,-5.357,0.000,1.746,1.086,0.000,0.000,0.101,0.653,0.604,0.423,0.016,0.330
7/1/96,0.708,1.49,1.470,1.567,2.951,0.191,2.899,3.774,-5.357,0.925,0.602,0.000,0.000,-1.308,-0.006,0.414,-0.157,0.027,0.030
8/1/96,0.712,1.54,1.400,1.446,2.878,0.318,2.792,-7.273,3.774,0.925,0.602,0.000,0.000,0.362,0.373,0.340,0.145,0.049,0.210
9/1/96,0.689,1.51,1.600,1.595,3.003,0.317,2.827,1.961,-7.273,0.925,0.602,0.000,0.000,1.356,0.405,0.257,0.314,0.039,0.040
10/1/96,0.676,1.54,1.550,1.410,2.993,0.190,2.557,0.000,1.961,1.057,0.786,0.000,0.000,-0.587,0.037,0.272,-0.193,0.034,0.120
11/1/96,0.684,1.58,1.210,1.034,3.255,0.000,2.165,3.846,0.000,1.057,0.786,0.000,0.000,0.321,0.657,0.366,0.389,0.022,0.130
12/1/96,0.689,1.59,1.000,1.262,3.322,0.315,2.148,0.000,3.846,1.057,0.786,0.000,0.000,0.844,0.132,0.275,0.305,0.023,0.030
1/1/97,0.677,1.52,1.350,1.413,3.044,0.314,2.566,-1.852,0.000,0.762,1.055,0.000,0.000,3.582,0.285,0.358,-0.042,0.048,0.090
2/1/97,0.636,1.52,1.350,1.277,3.034,0.251,2.496,-1.887,-1.852,0.762,1.055,0.000,0.000,1.257,1.104,0.507,0.564,0.039,0.240
3/1/97,0.623,1.49,1.340,1.410,2.762,0.125,3.038,0.000,-1.887,0.762,1.055,0.000,0.000,0.408,0.483,0.624,0.334,0.040,0.260
4/1/97,0.611,1.45,1.580,1.581,2.495,-0.062,3.495,-1.923,0.000,1.509,0.453,0.000,0.000,2.378,0.189,0.592,-0.180,-0.011,0.170
5/1/97,0.617,1.49,1.450,1.514,2.235,0.125,3.635,-3.922,-1.923,1.509,0.453,0.000,0.000,-3.008,0.405,0.359,0.288,-0.010,0.180
6/1/97,0.610,1.53,1.590,1.423,2.297,0.125,3.393,2.041,-3.922,1.509,0.453,0.000,0.000,0.057,0.526,0.373,0.168,0.088,0.060
7/1/97,0.607,1.53,1.270,1.026,2.229,0.187,3.311,-2.000,2.041,1.273,1.711,0.000,0.000,2.770,0.879,0.603,0.351,0.114,0.200
8/1/97,0.595,1.52,0.920,1.019,2.225,0.249,3.335,-2.041,-2.000,1.273,1.711,0.000,0.000,0.146,0.460,0.622,0.521,0.048,0.000
9/1/97,0.565,1.50,1.100,1.124,2.155,0.248,3.365,2.083,-2.041,1.273,1.711,0.000,0.000,-0.776,0.889,0.743,0.346,0.025,0.340
10/1/97,0.574,1.54,0.940,0.917,2.085,-0.062,3.375,-4.082,2.083,0.776,1.188,0.000,0.000,-0.724,0.712,0.687,0.443,0.051,0.260
11/1/97,0.548,1.54,0.650,0.594,1.828,-0.124,3.632,-2.128,-4.082,0.776,1.188,0.000,0.000,2.602,0.976,0.859,0.390,0.070,0.330
12/1/97,0.560,1.52,0.590,0.504,1.702,0.186,3.828,2.174,-2.128,0.776,1.188,0.000,0.000,1.742,0.085,0.591,0.052,0.075,0.090
1/1/98,0.583,1.65,0.350,0.366,1.571,0.186,3.669,-2.128,2.174,0.989,1.032,0.000,0.000,0.623,0.486,0.515,0.268,0.024,0.180
2/1/98,0.578,1.68,0.310,0.345,1.441,0.185,3.869,0.000,-2.128,0.989,1.032,0.000,0.000,-1.215,0.421,0.330,-0.053,0.100,0.080
3/1/98,0.605,1.67,0.460,0.485,1.375,0.185,4.015,2.174,0.000,0.989,1.032,0.000,0.000,1.699,-0.008,0.299,-0.097,0.094,-0.040
4/1/98,0.635,1.69,0.500,0.555,1.436,0.185,3.944,-8.511,2.174,0.970,1.766,0.000,0.000,-0.913,0.385,0.266,0.132,0.106,0.190
5/1/98,0.601,1.65,0.650,0.513,1.686,0.123,3.754,2.326,-8.511,0.970,1.766,0.000,0.000,1.735,0.419,0.265,0.158,0.093,0.170
6/1/98,0.604,1.64,0.450,0.372,1.684,0.123,3.726,2.273,2.326,0.970,1.766,0.000,0.000,0.474,-0.675,0.043,-0.470,0.111,-0.060
7/1/98,0.598,1.69,0.350,0.367,1.682,0.123,3.678,0.000,2.273,1.309,1.315,0.000,0.000,1.610,-0.716,-0.324,-0.372,0.028,-0.230
8/1/98,0.620,1.80,0.330,0.301,1.617,0.122,3.593,0.000,0.000,1.309,1.315,0.000,0.000,0.088,1.589,0.066,1.024,0.059,0.280
9/1/98,0.685,2.28,0.130,0.068,1.489,0.244,3.221,2.222,0.000,1.309,1.315,0.000,0.000,-3.572,-0.102,0.257,-0.304,0.125,0.010
10/1/98,0.807,2.65,0.100,0.460,1.485,0.000,2.635,-2.174,2.222,1.642,1.470,0.000,0.000,-3.496,0.400,0.629,0.281,0.128,-0.050
11/1/98,0.929,2.51,0.230,0.296,1.548,-0.061,2.982,-2.222,-2.174,1.642,1.470,0.000,0.000,1.978,0.108,0.135,-0.149,0.089,0.150
12/1/98,1.010,2.58,0.180,0.148,1.612,0.244,2.908,0.000,-2.222,1.642,1.470,0.000,0.000,-2.282,0.316,0.275,0.020,0.164,0.130
1/1/99,1.049,2.57,0.200,0.276,1.671,0.122,2.839,-2.273,0.000,0.799,0.953,0.000,0.000,1.039,0.160,0.195,0.121,0.047,0.020
2/1/99,0.994,2.39,0.220,0.444,1.606,0.304,3.094,2.326,-2.273,0.799,0.953,0.000,0.000,2.032,0.688,0.388,0.234,0.125,0.090
3/1/99,0.911,2.30,0.690,0.666,1.726,0.727,3.054,-4.545,2.326,0.799,0.953,0.000,0.000,0.428,-0.172,0.225,-0.118,0.100,-0.080
4/1/99,0.842,2.29,0.830,0.775,2.277,0.000,2.413,2.381,-4.545,0.824,1.481,0.000,0.000,-0.049,0.065,0.194,0.021,0.066,0.050
5/1/99,0.789,2.18,0.760,0.909,2.088,0.000,2.762,-2.326,2.381,0.824,1.481,0.000,0.000,1.108,0.757,0.217,0.315,0.100,0.110
6/1/99,0.782,2.12,1.010,1.184,1.963,0.301,3.137,2.381,-2.326,0.824,1.481,0.000,0.000,0.519,-0.176,0.215,-0.208,0.075,-0.020
7/1/99,0.758,2.16,1.170,1.106,2.145,0.240,2.885,0.000,2.381,1.259,1.136,0.000,0.000,-2.048,0.310,0.297,0.145,0.071,0.100
8/1/99,0.758,2.22,1.070,1.065,2.264,0.479,2.936,-2.326,0.000,1.259,1.136,0.000,0.000,-0.793,0.444,0.193,0.208,0.111,0.020
9/1/99,0.807,2.29,1.020,1.093,2.628,0.179,2.622,0.000,-2.326,1.259,1.136,0.000,0.000,-1.526,-0.295,0.153,-0.301,0.073,-0.030
10/1/99,0.824,2.27,1.020,1.089,2.561,0.059,2.869,-2.381,0.000,1.735,1.468,0.000,0.000,-0.005,1.227,0.459,0.708,0.053,0.250
11/1/99,0.791,2.12,0.900,0.807,2.622,0.000,2.928,0.000,-2.381,1.735,1.468,0.000,0.000,1.288,0.531,0.488,0.226,0.116,0.150
12/1/99,0.641,1.91,0.940,0.919,2.685,0.297,3.155,-2.439,0.000,1.735,1.468,0.000,0.000,-0.661,0.849,0.869,0.385,0.206,0.170
1/1/00,0.552,1.67,1.100,1.162,2.739,0.592,3.381,0.000,-2.439,0.291,1.523,0.000,0.000,2.484,0.433,0.604,-0.073,-0.023,0.310
2/1/00,0.610,1.77,0.910,0.793,3.222,0.824,2.998,2.500,0.000,0.291,1.523,0.000,0.000,1.207,-0.327,0.318,0.126,0.165,-0.080
3/1/00,0.686,2.11,0.630,0.393,3.758,0.058,2.462,-2.439,2.500,0.291,1.523,0.000,0.000,-1.323,0.676,0.261,0.153,0.087,0.190
4/1/00,0.759,2.41,0.130,0.169,3.069,0.117,3.081,-5.000,-2.439,1.888,0.960,0.000,0.000,3.851,0.757,0.369,0.324,-0.011,0.230
5/1/00,0.912,2.46,0.290,0.446,3.189,0.525,3.141,5.263,-5.000,1.888,0.960,0.000,0.000,-0.147,-0.717,0.239,-0.081,0.069,-0.500
6/1/00,0.814,2.39,0.460,0.235,3.730,0.232,2.440,0.000,5.263,1.888,0.960,0.000,0.000,-1.715,0.163,0.068,-0.056,0.041,0.010
7/1/00,0.701,2.29,-0.250,-0.089,3.659,0.000,2.421,0.000,0.000,0.121,0.973,0.000,0.000,2.148,-0.366,-0.307,-0.123,0.000,-0.020
8/1/00,0.708,2.43,-0.590,-0.451,3.411,0.521,2.769,2.500,0.000,0.121,0.973,0.000,0.000,0.848,-0.661,-0.288,-0.362,0.080,-0.290
9/1/00,0.723,2.55,-0.440,-0.376,3.454,0.173,2.676,-4.878,2.500,0.121,0.973,0.000,0.000,1.084,0.441,-0.195,0.110,0.106,0.060
10/1/00,0.793,2.60,-0.630,-0.556,3.448,0.057,2.562,0.000,-4.878,0.568,0.890,0.000,0.000,2.399,-0.719,-0.313,-0.335,0.011,-0.130
11/1/00,0.825,2.56,-0.710,-0.639,3.446,-0.057,2.644,0.000,0.000,0.568,0.890,0.000,0.000,-0.119,-0.494,-0.257,-0.201,0.012,-0.110
12/1/00,0.811,2.78,-0.950,-0.697,3.387,0.632,2.213,0.000,0.000,0.568,0.890,0.000,0.000,-3.247,-0.435,-0.549,-0.399,0.050,-0.110
1/1/01,0.778,2.77,0.100,-0.124,3.732,0.400,1.078,7.692,0.000,-0.284,0.422,0.000,0.000,0.964,-1.191,-0.707,-0.498,0.035,-0.350
2/1/01,0.773,2.77,0.030,0.094,3.534,0.228,1.146,0.000,7.692,-0.284,0.422,0.000,0.000,1.472,-0.935,-0.854,-0.569,0.037,-0.360
3/1/01,0.866,2.96,0.760,0.350,2.921,0.397,1.379,2.381,0.000,-0.284,0.422,0.000,0.000,4.447,-1.085,-1.070,-0.295,-0.007,-0.420
4/1/01,0.867,2.93,1.380,1.175,3.269,0.452,0.711,2.326,2.381,0.530,0.257,0.000,0.000,-1.619,-1.481,-1.167,-0.387,0.078,-0.770
5/1/01,0.783,2.68,1.720,1.688,3.615,0.169,0.165,-2.273,2.326,0.530,0.257,0.000,0.000,1.299,-0.876,-1.147,-0.540,0.048,-0.500
6/1/01,0.797,2.69,1.700,1.719,3.248,-0.281,0.332,4.651,-2.273,0.530,0.257,0.000,0.000,0.433,-1.533,-1.296,-0.505,0.016,-0.630
7/1/01,0.836,2.73,1.580,1.643,2.720,0.000,0.900,2.222,4.651,-0.316,0.364,0.000,0.000,-1.014,-0.916,-1.108,-0.426,0.056,-0.470
8/1/01,0.828,2.88,1.550,1.533,2.720,0.451,0.750,6.522,2.222,-0.316,0.364,0.000,0.000,-2.339,-0.951,-1.133,-0.290,0.094,-0.810
9/1/01,0.854,3.30,2.180,2.039,2.648,-0.337,0.172,2.041,6.522,-0.316,0.364,0.000,0.000,0.642,-1.555,-1.141,-0.336,-0.131,-0.570
10/1/01,0.879,3.34,2.180,2.369,2.126,-0.169,0.204,6.000,2.041,0.278,1.528,0.000,0.000,1.254,-1.063,-1.190,-0.495,0.389,-1.000
11/1/01,0.845,3.16,2.970,2.745,1.895,-0.395,0.285,3.774,6.000,0.278,1.528,0.000,0.000,0.020,-1.314,-1.310,-0.372,-0.064,-0.740
12/1/01,1.278,2.97,3.460,3.368,1.552,0.226,0.668,3.636,3.774,0.278,1.528,0.000,0.000,1.708,-0.571,-0.982,-0.072,-0.020,-0.490
1/1/02,1.323,2.83,3.260,3.351,1.142,0.395,1.018,0.000,3.636,0.921,0.300,0.000,0.000,2.075,-0.319,-0.734,0.180,0.062,-0.510
2/1/02,1.382,2.98,3.210,3.155,1.138,0.562,1.092,0.000,0.000,0.921,0.300,0.000,0.000,-0.128,-0.284,-0.391,-0.160,0.111,-0.270
3/1/02,1.296,2.82,3.650,3.459,1.476,0.559,1.094,0.000,0.000,0.921,0.300,0.000,0.000,-0.792,-0.119,-0.241,0.312,0.011,-0.320
4/1/02,1.271,2.82,3.310,3.466,1.639,0.000,0.841,3.509,0.000,0.551,0.510,0.000,0.000,-2.562,-0.042,-0.149,0.051,0.082,-0.370
5/1/02,1.335,2.92,3.290,3.404,1.182,0.056,1.168,-1.695,3.509,0.551,0.510,0.000,0.000,-3.014,0.032,-0.043,0.171,-0.018,-0.230
6/1/02,1.322,3.02,3.130,3.195,1.067,0.111,1.133,0.000,-1.695,0.551,0.510,0.000,0.000,-3.258,0.400,0.130,0.451,0.103,-0.140
7/1/02,1.364,3.24,2.790,2.940,1.465,0.333,0.495,0.000,0.000,0.487,0.699,0.000,0.000,1.352,-0.656,-0.075,-0.292,0.117,-0.350
8/1/02,1.217,3.32,2.340,2.610,1.803,0.166,-0.043,-1.724,0.000,0.487,0.699,0.000,0.000,-0.620,-0.185,-0.147,-0.072,0.055,-0.280
9/1/02,1.242,3.53,2.130,2.211,1.514,0.166,0.206,0.000,-1.724,0.487,0.699,0.000,0.000,0.599,-0.437,-0.426,-0.045,-0.012,-0.200
10/1/02,1.412,3.79,2.580,2.331,2.026,0.000,-0.376,0.000,0.000,0.063,0.538,0.000,0.000,-0.332,-0.628,-0.417,-0.257,0.072,-0.270
11/1/02,1.311,3.57,2.980,2.794,2.198,-0.221,-0.708,3.509,0.000,0.063,0.538,0.000,0.000,-0.082,-0.018,-0.361,0.138,0.089,-0.360
12/1/02,1.234,3.42,2.850,2.821,2.377,0.442,-0.927,1.695,3.509,0.063,0.538,0.000,0.000,-2.785,-0.988,-0.545,-0.400,0.138,-0.440
1/1/03,1.174,3.30,2.830,2.860,2.597,0.771,-1.237,-3.333,1.695,0.518,0.439,0.000,0.000,-1.944,0.517,-0.163,0.292,0.057,0.030
2/1/03,1.106,3.15,2.480,2.717,2.981,0.601,-1.681,1.724,-3.333,0.518,0.439,0.000,0.000,-0.936,-0.752,-0.408,-0.119,-0.057,-0.430
3/1/03,1.063,3.14,2.720,2.656,3.020,-0.217,-1.780,0.000,1.724,0.518,0.439,0.000,0.000,-0.812,-0.482,-0.239,-0.157,0.136,-0.480
4/1/03,1.108,2.89,2.780,2.806,2.225,-0.163,-0.955,1.695,0.000,0.928,1.113,0.000,0.000,-1.718,-1.104,-0.779,-0.561,0.089,-0.400
5/1/03,1.160,2.81,2.290,2.481,2.058,0.109,-0.878,1.667,1.695,0.928,1.113,0.000,0.000,-3.489,-0.138,-0.574,-0.043,0.093,-0.260
6/1/03,1.225,2.86,2.670,2.398,2.112,0.109,-1.102,3.279,1.667,0.928,1.113,0.000,0.000,0.520,0.006,-0.412,0.050,0.140,-0.290
7/1/03,1.124,2.64,3.490,3.055,2.110,0.381,-0.990,-1.587,3.279,1.675,1.475,0.000,0.000,2.494,-0.003,-0.045,0.106,0.128,-0.310
8/1/03,1.132,2.57,3.630,3.476,2.158,0.325,-0.848,-1.613,-1.587,1.675,1.475,0.000,0.000,-0.058,-0.297,-0.098,-0.181,0.168,-0.160
9/1/03,1.074,2.52,3.010,3.319,2.320,-0.108,-1.080,0.000,-1.613,1.675,1.475,0.000,0.000,-4.470,0.428,0.043,0.268,0.023,-0.030
10/1/03,1.035,2.44,3.440,3.349,2.041,-0.270,-0.791,-1.639,0.000,1.169,0.776,0.000,0.000,-1.031,0.198,0.110,-0.003,0.087,0.030
11/1/03,1.009,2.36,3.450,3.348,1.765,-0.108,-0.425,-3.333,-1.639,1.169,0.776,0.000,0.000,-2.073,0.686,0.438,0.461,0.175,0.010
12/1/03,0.977,2.33,3.450,3.353,1.879,0.488,-0.569,-1.724,-3.333,1.169,0.776,0.000,0.000,-2.818,-0.032,0.284,-0.061,0.085,-0.020
1/1/04,0.906,2.29,3.240,3.250,1.926,0.540,-0.686,0.000,-1.724,0.575,0.972,0.000,0.000,0.869,0.146,0.266,0.082,0.094,0.060
2/1/04,0.765,2.18,3.030,3.139,1.693,0.644,-0.453,-1.754,0.000,0.575,0.972,0.000,0.000,0.780,0.552,0.222,0.323,0.083,-0.040
3/1/04,0.789,2.29,2.980,2.873,1.737,0.320,-0.547,3.571,-1.754,0.575,0.972,0.000,0.000,-1.045,0.577,0.425,-0.197,0.175,0.080
4/1/04,0.728,2.11,3.530,3.390,2.285,0.585,-0.855,-3.448,3.571,0.733,0.650,0.000,0.000,4.008,0.291,0.473,0.236,0.052,0.180
5/1/04,0.710,2.03,3.540,3.676,3.052,0.317,-1.272,0.000,-3.448,0.733,0.650,0.000,0.000,-1.228,0.853,0.573,0.404,0.172,0.230
6/1/04,0.769,2.05,3.350,3.446,3.266,-0.158,-1.146,0.000,0.000,0.733,0.650,0.000,0.000,-0.433,-0.432,0.237,-0.431,-0.033,-0.070
7/1/04,0.800,2.12,2.980,3.140,2.991,0.053,-0.891,-1.786,0.000,0.909,0.956,0.000,0.000,0.545,0.629,0.350,0.436,0.190,0.020
8/1/04,0.815,2.18,2.550,2.778,2.654,0.211,-0.634,-1.818,-1.786,0.909,0.956,0.000,0.000,-1.156,0.347,0.181,0.096,0.131,-0.080
9/1/04,0.810,2.14,2.500,2.444,2.538,0.527,-0.418,0.000,-1.818,0.909,0.956,0.000,0.000,-1.843,0.146,0.374,-0.047,0.166,0.040
10/1/04,0.737,2.11,2.120,2.303,3.189,0.052,-0.959,1.852,0.000,0.865,1.026,0.000,0.000,-3.022,0.780,0.424,0.454,0.111,0.160
11/1/04,0.688,2.01,2.160,2.087,3.523,-0.366,-1.023,-1.818,1.852,0.865,1.026,0.000,0.000,-3.291,-0.081,0.282,-0.070,0.067,-0.180
12/1/04,0.684,1.92,1.910,2.008,3.256,0.210,-0.586,0.000,-1.818,0.865,1.026,0.000,0.000,-0.525,0.989,0.563,0.445,0.187,0.070
1/1/05,0.660,1.80,1.640,1.851,2.970,0.577,-0.110,-1.852,0.000,1.066,0.765,0.000,0.000,2.744,0.350,0.420,0.145,0.059,0.010
2/1/05,0.616,1.65,1.630,1.586,3.008,0.782,0.022,1.887,-1.852,1.066,0.765,0.000,0.000,-1.059,0.576,0.639,0.308,0.173,0.120
3/1/05,0.659,1.56,1.660,1.702,3.148,0.673,0.152,-3.704,1.887,1.066,0.765,0.000,0.000,1.171,-0.394,0.178,-0.248,0.085,-0.030
4/1/05,0.722,1.71,1.280,1.504,3.511,-0.103,-0.191,0.000,-3.704,0.522,1.087,0.000,0.000,0.775,0.792,0.325,0.059,0.161,0.280
5/1/05,0.854,1.86,0.940,1.242,2.803,0.051,0.527,-1.923,0.000,0.522,1.087,0.000,0.000,2.696,0.011,0.136,0.042,0.073,-0.050
6/1/05,0.898,1.86,0.890,0.962,2.530,0.463,0.830,-1.961,-1.923,0.522,1.087,0.000,0.000,0.863,0.462,0.422,0.047,0.250,0.110
7/1/05,0.896,1.78,0.840,0.890,3.168,0.512,0.472,0.000,-1.961,0.840,0.775,0.000,0.000,0.306,-0.059,0.138,-0.260,0.168,0.190
8/1/05,0.867,1.70,0.540,0.744,3.641,1.222,0.229,-2.000,0.000,0.840,0.775,0.000,0.000,-2.033,0.342,0.248,0.106,0.021,0.040
9/1/05,0.903,1.83,0.780,0.705,4.687,0.201,-0.837,2.041,-2.000,0.840,0.775,0.000,0.000,0.619,-0.876,-0.198,-0.688,0.034,-0.200
10/1/05,0.953,1.83,0.620,0.671,4.348,-0.803,-0.168,0.000,2.041,0.571,0.377,0.000,0.000,1.309,0.981,0.149,0.700,0.131,0.120
11/1/05,0.975,1.86,0.550,0.561,3.455,-0.405,0.875,0.000,0.000,0.571,0.377,0.000,0.000,1.056,0.940,0.348,0.383,0.206,0.130
12/1/05,0.951,1.85,0.210,0.496,3.416,0.762,0.934,-2.000,0.000,0.571,0.377,0.000,0.000,-0.416,0.463,0.795,0.177,0.118,0.050
1/1/06,0.943,1.82,0.100,0.080,3.985,0.202,0.465,-4.082,-2.000,1.202,1.121,0.000,0.000,-2.191,0.720,0.707,0.200,0.225,0.310
2/1/06,0.922,1.70,-0.010,0.029,3.597,0.554,1.083,2.128,-4.082,1.202,1.121,0.000,0.000,0.684,0.107,0.430,-0.170,0.109,0.110
3/1/06,0.886,1.69,0.210,0.096,3.363,0.851,1.407,-2.083,2.128,1.202,1.121,0.000,0.000,0.540,0.339,0.389,0.024,0.098,0.170
4/1/06,0.838,1.69,0.320,0.269,3.546,0.496,1.354,0.000,-2.083,0.299,0.532,0.000,0.000,-3.922,-0.062,0.128,0.149,0.071,-0.010
5/1/06,0.794,1.64,0.280,0.274,4.167,0.198,0.833,-2.128,0.000,0.299,0.532,0.000,0.000,-1.614,-0.154,0.041,-0.232,0.075,-0.180
6/1/06,0.888,1.67,0.070,0.189,4.319,0.296,0.841,0.000,-2.128,0.299,0.532,0.000,0.000,1.027,0.052,-0.055,0.106,0.061,-0.020
7/1/06,0.912,1.67,-0.130,0.011,4.145,0.197,1.075,2.174,0.000,0.089,0.584,0.000,0.000,0.315,-0.426,-0.176,-0.214,0.072,-0.110
8/1/06,0.905,1.71,-0.290,-0.214,3.819,-0.490,1.261,0.000,2.174,0.089,0.584,0.000,0.000,-0.423,0.261,-0.038,0.199,-0.010,-0.040
9/1/06,0.921,1.71,-0.260,-0.211,2.062,-0.542,2.908,-4.255,0.000,0.089,0.584,0.000,0.000,0.884,-0.075,-0.080,-0.127,0.086,-0.040
10/1/06,0.914,1.70,-0.500,-0.317,1.305,-0.149,3.705,-2.222,-4.255,0.783,1.020,0.000,0.000,-0.513,-0.421,-0.078,-0.192,0.051,-0.150
11/1/06,0.873,1.61,-0.600,-0.478,1.974,0.149,3.036,2.273,-2.222,0.783,1.020,0.000,0.000,-1.511,-0.234,-0.244,-0.114,0.010,-0.110
12/1/06,0.896,1.65,-0.390,-0.409,2.541,0.305,2.399,-2.222,2.273,0.783,1.020,0.000,0.000,1.473,1.024,0.123,0.557,0.081,0.070
1/1/07,0.941,1.58,-0.290,-0.346,2.076,0.535,2.984,4.545,-2.222,0.062,0.526,0.000,0.000,1.349,-0.783,0.002,-0.485,-0.010,-0.040
2/1/07,0.889,1.55,-0.590,-0.441,2.415,0.911,2.635,-2.174,4.545,0.062,0.526,0.000,0.000,-1.364,0.266,0.169,0.337,-0.026,-0.170
3/1/07,0.964,1.70,-0.390,-0.515,2.779,0.650,2.141,-2.222,-2.174,0.062,0.526,0.000,0.000,-1.061,0.390,-0.042,0.170,-0.004,0.220
4/1/07,0.926,1.70,-0.260,-0.313,2.574,0.611,2.356,2.273,-2.222,0.765,0.339,0.000,0.000,-2.012,-0.230,0.142,0.263,-0.023,-0.430
5/1/07,0.911,1.64,0.160,-0.121,2.691,0.194,2.219,-2.222,2.273,0.765,0.339,0.000,0.000,0.062,-0.015,0.048,-0.117,0.009,0.050
6/1/07,0.902,1.59,0.050,0.361,2.687,-0.025,2.273,4.545,-2.222,0.765,0.339,0.000,0.000,-0.337,-0.134,-0.126,0.005,-0.056,-0.080
7/1/07,0.920,1.65,-0.130,0.043,2.358,-0.183,2.602,2.174,4.545,0.673,0.445,0.000,0.000,-1.298,-0.597,-0.249,-0.125,-0.012,-0.300
8/1/07,0.865,1.98,0.090,0.358,1.970,0.276,2.500,-2.128,2.174,0.673,0.445,0.000,0.000,-0.318,-0.295,-0.342,-0.129,-0.007,-0.370
9/1/07,0.855,2.07,0.640,0.527,2.755,0.214,1.385,2.174,-2.128,0.673,0.445,0.000,0.000,-3.852,-0.054,-0.315,0.184,-0.074,-0.130
10/1/07,0.819,1.95,0.550,0.525,3.536,0.594,0.564,0.000,2.174,0.357,0.125,0.000,0.000,-2.339,-0.602,-0.317,-0.372,-0.054,-0.260
11/1/07,0.960,2.25,0.830,0.794,4.306,-0.067,-0.806,0.000,0.000,0.357,0.125,0.000,0.000,0.541,-0.081,-0.246,0.143,-0.069,-0.070
12/1/07,1.154,2.55,0.650,1.031,4.081,0.497,-0.821,6.383,0.000,0.357,0.125,0.000,0.000,0.290,-0.683,-0.455,-0.074,-0.184,-0.290
1/1/08,1.210,2.80,1.520,0.924,4.280,0.290,-1.570,0.000,6.383,-0.682,-0.206,0.000,0.000,-1.190,-0.528,-0.431,-0.293,-0.117,-0.160
2/1/08,1.297,3.09,1.840,1.564,4.027,0.867,-1.977,-2.000,0.000,-0.682,-0.206,0.000,0.000,-2.195,-1.183,-0.798,-0.384,-0.178,-0.350
3/1/08,1.387,3.38,2.170,2.227,3.981,0.606,-2.441,4.082,-2.000,-0.682,-0.206,0.000,0.000,-0.912,-1.228,-0.979,-0.355,-0.130,-0.370
4/1/08,1.415,3.29,2.330,2.363,3.937,0.842,-2.197,-1.961,4.082,0.496,0.168,0.000,0.000,0.895,-1.248,-1.220,-0.685,-0.132,-0.510
5/1/08,1.356,3.05,2.130,2.116,4.176,1.008,-2.116,8.000,-1.961,0.496,0.168,0.000,0.000,-0.303,-1.350,-1.275,-0.375,-0.128,-0.560
6/1/08,1.398,2.97,2.140,2.209,5.022,0.525,-2.602,3.704,8.000,0.496,0.168,0.000,0.000,0.302,-1.229,-1.276,-0.433,-0.162,-0.590
7/1/08,1.494,3.15,2.310,2.353,5.600,-0.399,-3.320,3.571,3.704,-0.480,-0.722,0.000,0.000,1.090,-1.934,-1.504,-0.633,-0.241,-0.640
8/1/08,1.512,3.26,2.020,2.133,5.372,-0.138,-3.192,5.172,3.571,-0.480,-0.722,0.000,0.000,4.743,-2.048,-1.737,-0.869,-0.193,-0.690
9/1/08,1.659,3.63,2.920,2.540,4.937,-1.010,-3.027,0.000,5.172,-0.480,-0.722,0.000,0.000,1.567,-3.736,-2.573,-1.879,-0.309,-0.960
10/1/08,2.596,5.06,3.470,3.128,3.655,-1.915,-2.235,6.557,0.000,-2.113,-1.203,0.000,0.000,8.700,-1.931,-2.572,-0.257,-0.334,-0.950
11/1/08,3.087,5.69,2.650,3.333,1.070,-1.034,0.000,4.615,6.557,-2.113,-1.203,0.000,0.000,0.631,-3.645,-3.104,-1.146,-0.335,-1.380
12/1/08,3.385,6.01,2.380,2.382,0.091,0.435,0.399,7.353,4.615,-2.113,-1.203,0.000,0.000,-4.643,-4.371,-3.316,-1.975,-0.368,-1.530
1/1/09,3.095,5.63,2.490,2.388,0.030,0.497,0.410,6.849,7.353,-1.386,-0.343,0.000,0.000,4.187,-4.755,-4.257,-1.831,-0.300,-1.800
2/1/09,2.818,5.21,2.630,2.575,0.236,0.243,0.384,6.410,6.849,-1.386,-0.343,0.000,0.000,2.834,-2.379,-3.835,-0.475,-0.397,-1.460
3/1/09,2.924,5.60,2.460,2.604,-0.384,0.250,1.024,4.819,6.410,-1.386,-0.343,0.000,0.000,-2.220,-3.763,-3.632,-1.099,-0.442,-1.610
4/1/09,2.999,5.46,3.050,2.769,-0.737,0.289,1.287,3.448,4.819,-0.135,-0.451,0.000,0.000,-2.067,-2.697,-2.946,-0.592,-0.379,-1.370
5/1/09,2.524,4.77,3.580,3.116,-1.281,0.859,1.781,4.444,3.448,-0.135,-0.451,0.000,0.000,-6.570,-2.027,-2.829,-0.711,-0.314,-0.880
6/1/09,1.889,3.77,3.380,3.543,-1.427,-0.159,1.937,1.064,4.444,-0.135,-0.451,0.000,0.000,2.048,-1.688,-2.138,-0.376,-0.314,-0.830
7/1/09,1.676,3.53,3.470,3.379,-2.097,0.224,2.577,0.000,1.064,0.327,0.607,0.000,0.000,-3.511,-0.094,-1.270,0.573,-0.268,-0.600
8/1/09,1.318,2.99,3.240,3.415,-1.484,0.063,1.944,1.053,0.000,0.327,0.607,0.000,0.000,0.086,-0.319,-0.700,0.485,-0.179,-0.530
9/1/09,1.186,2.91,3.110,3.279,-1.286,0.096,1.686,2.083,1.053,0.327,0.607,0.000,0.000,-2.005,-0.516,-0.309,0.336,-0.512,-0.480
10/1/09,1.147,2.90,3.390,3.313,-0.183,0.071,0.553,2.041,2.083,0.968,-0.011,0.000,0.000,-0.374,-0.670,-0.502,0.085,-0.310,-0.560
11/1/09,1.134,2.92,3.220,3.351,1.838,-0.176,-1.528,-1.000,2.041,0.968,-0.011,0.000,0.000,-1.995,-0.034,-0.407,0.245,-0.318,-0.070
12/1/09,1.106,2.78,3.770,3.535,2.721,0.342,-2.351,0.000,-1.000,0.968,-0.011,0.000,0.000,3.054,-0.708,-0.471,-0.024,-0.262,-0.440
1/1/10,0.984,2.51,3.580,3.672,2.626,0.025,-2.276,-1.010,0.000,0.433,0.536,0.000,0.000,1.482,0.243,-0.166,0.505,-0.334,0.000
2/1/10,0.994,2.65,3.480,3.582,2.143,0.411,-1.793,0.000,-1.010,0.433,0.536,0.000,0.000,0.247,-0.663,-0.376,-0.078,-0.271,-0.360
3/1/10,1.005,2.55,3.730,3.577,2.314,0.174,-1.914,1.020,0.000,0.433,0.536,0.000,0.000,0.107,0.547,0.042,0.421,-0.168,0.090
4/1/10,0.969,2.41,3.550,3.685,2.236,0.078,-1.786,0.000,1.020,0.966,0.814,0.000,0.000,0.623,0.595,0.160,0.301,-0.237,0.350
5/1/10,1.088,2.63,3.130,3.260,2.021,-0.098,-1.651,-3.030,0.000,0.966,0.814,0.000,0.000,4.328,0.508,0.550,0.765,-0.330,0.120
6/1/10,1.348,3.03,2.790,3.080,1.053,0.021,-0.733,-2.083,-3.030,0.966,0.814,0.000,0.000,-0.421,-0.280,0.274,-0.027,-0.317,-0.120
7/1/10,1.287,3.00,2.830,2.854,1.235,0.138,-0.945,0.000,-2.083,0.675,0.647,0.000,0.000,-4.307,0.184,0.137,0.211,-0.314,0.070
8/1/10,1.172,2.96,2.450,2.544,1.148,0.058,-0.888,1.064,0.000,0.675,0.647,0.000,0.000,1.741,-0.320,-0.139,0.006,-0.274,-0.070
9/1/10,1.131,3.01,2.380,2.496,1.144,0.125,-0.884,0.000,1.064,0.675,0.647,0.000,0.000,-4.217,-0.341,-0.159,-0.044,-0.293,-0.040
10/1/10,1.038,3.18,2.530,2.406,1.172,0.042,-0.942,-1.053,0.000,0.630,1.024,0.000,0.000,-1.904,-0.150,-0.270,-0.057,-0.293,0.160
11/1/10,1.048,3.16,2.810,2.620,1.143,0.172,-0.893,4.255,-1.053,0.630,1.024,0.000,0.000,3.694,-0.438,-0.310,-0.055,-0.293,-0.120
12/1/10,1.081,2.81,3.210,3.150,1.496,0.476,-1.206,-5.102,4.255,0.630,1.024,0.000,0.000,-2.131,0.162,-0.142,0.349,-0.336,0.070
1/1/11,1.048,2.69,3.330,3.242,1.632,0.493,-1.362,-2.151,-5.102,-0.386,0.502,0.000,0.000,-1.509,-0.002,-0.093,0.028,-0.286,0.000
2/1/11,0.924,2.57,3.270,3.444,2.108,0.975,-1.818,-1.099,-2.151,-0.386,0.502,0.000,0.000,-1.274,-0.432,-0.090,-0.061,-0.362,0.320
3/1/11,0.905,2.62,3.390,3.314,2.682,0.644,-2.422,0.000,-1.099,-0.386,0.502,0.000,0.000,-0.973,0.519,0.028,0.297,-0.290,0.190
4/1/11,0.866,2.57,3.260,3.397,3.164,0.470,-2.914,1.111,0.000,0.728,0.202,0.000,0.000,-3.374,-0.627,-0.180,-0.306,-0.350,0.150
5/1/11,0.818,2.61,2.910,3.128,3.569,-0.107,-3.379,-1.099,1.111,0.728,0.202,0.000,0.000,1.969,-0.415,-0.174,0.063,-0.357,0.040
6/1/11,0.762,2.75,3.200,2.965,3.559,0.089,-3.379,1.111,-1.099,0.728,0.202,0.000,0.000,-0.503,-0.068,-0.370,0.022,-0.261,0.040
7/1/11,0.829,2.76,2.670,2.966,3.629,0.276,-3.439,-1.099,1.111,0.210,0.435,0.000,0.000,-1.188,0.267,-0.072,0.253,-0.290,0.170
8/1/11,0.996,3.06,2.130,2.279,3.771,0.152,-3.661,0.000,-1.099,0.210,0.435,0.000,0.000,0.811,-0.128,0.023,0.118,-0.322,-0.040
9/1/11,1.184,3.30,1.780,1.961,3.868,-0.206,-3.768,0.000,0.000,0.210,0.435,0.000,0.000,5.830,-0.277,-0.046,-0.026,-0.245,0.230
10/1/11,1.393,3.22,2.000,2.133,3.525,-0.084,-3.415,-2.222,0.000,1.126,0.337,0.000,0.000,-3.211,0.198,-0.069,0.154,-0.266,0.100
11/1/11,1.266,3.12,2.100,2.000,3.394,-0.247,-3.284,-2.273,-2.222,1.126,0.337,0.000,0.000,2.669,-0.500,-0.193,-0.248,-0.255,0.070
12/1/11,1.323,3.27,1.950,1.967,2.962,0.440,-2.842,-1.163,-2.273,1.126,0.337,0.000,0.000,1.391,0.417,0.038,0.304,-0.250,0.190
1/1/12,1.379,3.26,1.810,1.932,2.925,0.440,-2.805,-2.353,-1.163,0.663,0.603,0.000,0.000,-0.999,0.581,0.166,0.303,-0.206,0.440
2/1/12,1.296,3.17,1.950,1.876,2.871,0.759,-2.711,0.000,-2.353,0.663,0.603,0.000,0.000,-0.663,-0.015,0.328,0.073,-0.192,0.070
3/1/12,1.246,3.06,2.140,2.089,2.651,0.302,-2.461,-1.205,0.000,0.663,0.603,0.000,0.000,0.822,-0.475,0.030,-0.374,-0.267,0.250
4/1/12,1.232,3.14,1.890,1.969,2.303,-0.117,-2.123,0.000,-1.205,0.467,0.170,0.000,0.000,-0.626,0.048,-0.148,0.324,-0.249,-0.050
5/1/12,1.267,3.27,1.400,1.714,1.704,-0.147,-1.514,0.000,0.000,0.467,0.170,0.000,0.000,4.657,-0.339,-0.255,-0.120,-0.242,0.000
6/1/12,1.380,3.40,1.510,1.531,1.664,-0.163,-1.474,0.000,0.000,0.467,0.170,0.000,0.000,-1.505,-0.511,-0.267,-0.072,-0.260,-0.050
7/1/12,1.477,3.35,1.460,1.430,1.408,0.557,-1.218,0.000,0.000,0.120,0.265,0.000,0.000,0.185,-0.364,-0.405,-0.171,-0.200,0.000
8/1/12,1.432,3.23,1.490,1.576,1.692,0.446,-1.512,-1.220,0.000,0.120,0.265,0.000,0.000,-1.340,-0.661,-0.512,-0.301,-0.223,0.020
9/1/12,1.356,3.12,1.550,1.618,1.991,-0.039,-1.811,-3.704,-1.220,0.120,0.265,0.000,0.000,-1.192,-0.061,-0.362,-0.111,-0.173,0.180
10/1/12,1.119,2.84,1.660,1.641,2.162,-0.474,-1.982,0.000,-3.704,0.023,0.279,0.000,0.000,0.591,-0.379,-0.367,-0.146,-0.185,0.070
11/1/12,1.012,2.86,1.530,1.561,1.764,-0.269,-1.584,-1.282,0.000,0.023,0.279,0.000,0.000,0.222,0.321,-0.040,0.273,-0.146,-0.070
12/1/12,0.977,2.91,1.780,1.649,1.741,0.296,-1.581,2.597,-1.282,0.023,0.279,0.000,0.000,0.211,0.263,0.068,0.280,-0.135,0.140
1/1/13,0.937,2.82,1.980,1.840,1.595,0.819,-1.445,1.266,2.597,0.699,0.470,0.000,0.000,-0.098,-0.459,0.042,-0.394,-0.137,0.050
2/1/13,0.950,2.86,1.750,1.885,1.978,0.261,-1.818,-3.750,1.266,0.699,0.470,0.000,0.000,3.060,0.339,0.048,0.168,-0.151,0.240
3/1/13,0.922,2.90,1.780,1.871,1.474,-0.104,-1.324,-2.597,-3.750,0.699,0.470,0.000,0.000,0.811,-0.360,-0.160,0.004,-0.161,0.040
4/1/13,0.858,2.83,1.600,1.699,1.063,0.178,-0.943,1.333,-2.597,0.192,0.206,0.000,0.000,-1.044,-0.502,-0.174,-0.243,-0.196,-0.020
5/1/13,0.833,2.80,2.080,1.884,1.362,0.240,-1.242,-1.316,1.333,0.192,0.206,0.000,0.000,2.408,0.143,-0.239,-0.006,-0.123,0.110
6/1/13,0.921,2.89,2.460,2.250,1.754,0.039,-1.614,0.000,-1.316,0.192,0.206,0.000,0.000,0.258,-0.174,-0.177,0.042,-0.195,0.030
7/1/13,0.979,2.74,2.700,2.547,1.961,0.120,-1.841,-2.667,0.000,0.771,0.468,0.000,0.000,-1.596,-0.820,-0.283,-0.478,-0.144,-0.060
8/1/13,0.882,2.69,2.840,2.694,1.518,0.116,-1.388,0.000,-2.667,0.771,0.468,0.000,0.000,0.888,0.514,-0.160,0.375,-0.175,0.180
9/1/13,0.826,2.66,2.640,2.794,1.185,-0.258,-1.065,-1.370,0.000,0.771,0.468,0.000,0.000,-2.366,0.153,-0.051,0.118,-0.157,0.080
10/1/13,0.780,2.69,2.610,2.569,0.964,-0.204,-0.844,0.000,-1.370,0.976,0.843,0.000,0.000,0.248,-0.084,0.195,-0.067,-0.115,0.020
11/1/13,0.754,2.67,2.760,2.651,1.237,-0.009,-1.117,-4.167,0.000,0.976,0.843,0.000,0.000,1.095,0.461,0.177,0.006,-0.085,0.260
12/1/13,0.762,2.48,2.930,2.835,1.502,0.372,-1.372,-2.899,-4.167,0.976,0.843,0.000,0.000,-0.084,-0.170,0.069,0.064,-0.136,0.050
1/1/14,0.705,2.33,2.560,2.815,1.579,0.370,-1.459,-1.493,-2.899,-0.230,0.480,0.000,0.000,1.907,-0.954,-0.221,-0.545,-0.254,0.090
2/1/14,0.650,2.39,2.550,2.657,1.126,0.644,-1.006,1.515,-1.493,-0.230,0.480,0.000,0.000,-1.360,0.624,-0.166,0.456,-0.086,0.070
3/1/14,0.681,2.34,2.730,2.671,1.512,0.330,-1.382,0.000,1.515,-0.230,0.480,0.000,0.000,0.114,0.607,0.092,0.385,-0.068,0.210
4/1/14,0.664,2.20,2.600,2.674,1.953,0.349,-1.843,-7.463,0.000,1.131,0.856,0.000,0.000,-0.754,0.070,0.434,-0.154,-0.080,0.330
5/1/14,0.601,2.20,2.500,2.527,2.127,0.186,-2.027,1.613,-7.463,1.131,0.856,0.000,0.000,0.528,0.161,0.279,0.106,-0.123,0.130
6/1/14,0.549,2.20,2.560,2.563,2.072,-0.039,-1.972,-3.175,1.613,1.131,0.856,0.000,0.000,-0.966,0.289,0.173,0.096,-0.120,0.290
7/1/14,0.573,2.19,2.490,2.516,1.992,-0.167,-1.882,1.639,-3.175,1.278,0.970,0.000,0.000,1.973,0.376,0.275,0.141,-0.100,0.090
8/1/14,0.615,2.27,2.390,2.387,1.700,0.075,-1.590,0.000,1.639,1.278,0.970,0.000,0.000,0.999,-0.246,0.140,-0.224,-0.059,0.180
9/1/14,0.690,2.27,2.400,2.514,1.658,-0.251,-1.548,-4.839,0.000,1.278,0.970,0.000,0.000,3.973,0.068,0.066,0.032,-0.133,0.210
10/1/14,0.773,2.38,2.340,2.287,1.664,-0.540,-1.564,-3.390,-4.839,0.500,1.240,0.000,0.000,0.965,0.130,-0.016,-0.046,-0.068,0.260
11/1/14,0.863,2.46,2.190,2.304,1.322,-0.567,-1.192,1.754,-3.390,0.500,1.240,0.000,0.000,1.847,0.394,0.198,0.484,-0.088,0.030
12/1/14,0.949,2.53,2.100,2.178,0.756,-0.471,-0.546,-3.448,1.754,0.500,1.240,0.000,0.000,2.033,0.013,0.179,-0.209,-0.088,0.230
1/1/15,0.991,2.57,1.660,1.854,-0.089,0.434,0.289,1.786,-3.448,0.800,0.906,0.000,0.000,5.363,-0.247,0.053,-0.238,-0.065,0.110
2/1/15,0.901,2.53,2.060,1.957,-0.025,0.595,0.245,-3.509,1.786,0.800,0.906,0.000,0.000,0.060,-0.659,-0.298,-0.393,-0.205,0.080
3/1/15,0.900,2.50,1.840,2.015,-0.074,0.203,0.324,-1.818,-3.509,0.800,0.906,0.000,0.000,2.653,-0.086,-0.331,-0.028,-0.074,-0.080
4/1/15,0.961,2.55,2.110,1.912,-0.200,0.510,0.430,0.000,-1.818,0.678,0.741,0.000,0.000,-3.313,-0.034,-0.260,-0.253,-0.060,0.210
5/1/15,0.908,2.69,2.170,2.181,-0.040,0.350,0.280,1.852,0.000,0.678,0.741,0.000,0.000,2.039,-0.336,-0.152,-0.142,-0.066,0.100
6/1/15,0.935,2.76,2.420,2.349,0.124,0.007,0.156,-3.636,1.852,0.678,0.741,0.000,0.000,-1.109,-0.240,-0.203,-0.270,-0.065,0.060
7/1/15,1.051,2.88,2.080,2.292,0.170,-0.142,0.130,-1.887,-3.636,0.405,0.683,0.000,0.000,2.342,0.474,-0.034,0.260,-0.058,0.270
8/1/15,1.152,3.02,2.140,2.095,0.195,-0.156,0.185,-1.923,-1.887,0.405,0.683,0.000,0.000,-0.301,-0.462,-0.076,-0.206,-0.078,-0.110
9/1/15,1.272,3.17,2.050,2.149,-0.036,-0.045,0.406,-1.961,-1.923,0.405,0.683,0.000,0.000,0.502,-0.353,-0.114,-0.351,-0.069,-0.070
10/1/15,1.390,3.27,2.120,2.053,0.171,-0.211,0.089,0.000,-1.961,0.121,0.661,0.000,0.000,-0.296,-0.243,-0.353,-0.208,-0.104,0.190
11/1/15,1.402,3.19,1.940,2.137,0.502,-0.342,-0.022,0.000,0.000,0.121,0.661,0.000,0.000,3.073,-0.570,-0.389,-0.384,-0.060,0.020
12/1/15,1.485,3.21,2.020,2.014,0.730,0.165,-0.080,0.000,0.000,0.121,0.661,0.000,0.000,-0.429,-0.419,-0.411,-0.373,-0.049,0.140
1/1/16,1.446,3.36,1.620,1.828,1.373,0.082,-0.833,-2.000,0.000,0.145,0.450,0.000,0.000,1.196,0.238,-0.250,0.305,-0.115,0.070
2/1/16,1.383,3.56,1.500,1.465,1.018,0.431,-0.488,0.000,-2.000,0.145,0.450,0.000,0.000,-2.269,-0.544,-0.242,-0.432,0.007,-0.030
3/1/16,1.313,3.24,1.560,1.592,0.853,0.474,-0.193,2.041,0.000,0.145,0.450,0.000,0.000,-3.747,-0.456,-0.254,-0.372,-0.126,-0.010
4/1/16,1.169,2.98,1.660,1.577,1.125,0.405,-0.565,0.000,2.041,0.555,0.938,0.000,0.000,-1.948,-0.246,-0.415,-0.143,-0.061,-0.020
5/1/16,1.027,2.87,1.550,1.530,1.019,0.328,-0.429,-6.000,0.000,0.555,0.938,0.000,0.000,3.260,-0.505,-0.402,-0.133,-0.079,-0.110
6/1/16,1.028,2.88,1.180,1.371,0.997,-0.162,-0.447,4.255,-6.000,0.555,0.938,0.000,0.000,-0.279,0.147,-0.201,0.093,-0.035,0.090
7/1/16,0.934,2.71,1.220,1.203,0.827,0.092,-0.317,0.000,4.255,0.688,0.697,0.000,0.000,-0.609,0.179,-0.060,0.055,-0.070,0.200
8/1/16,0.925,2.68,1.240,1.257,1.063,0.240,-0.493,0.000,0.000,0.688,0.697,0.000,0.000,0.601,-0.412,-0.029,-0.245,-0.074,-0.130
9/1/16,0.898,2.68,1.310,1.336,1.464,0.125,-0.874,0.000,0.000,0.688,0.697,0.000,0.000,-0.708,-0.016,-0.083,0.010,-0.076,0.040
10/1/16,0.866,2.61,1.480,1.433,1.636,-0.156,-0.976,-2.041,0.000,0.437,0.723,0.000,0.000,2.926,-0.095,-0.174,-0.002,-0.041,-0.030
11/1/16,0.846,2.57,1.970,1.690,1.693,0.033,-0.953,-4.167,-2.041,0.437,0.723,0.000,0.000,2.869,-0.151,-0.087,-0.122,-0.084,0.110
12/1/16,0.772,2.34,1.920,1.980,2.075,0.583,-1.205,2.174,-4.167,0.437,0.723,0.000,0.000,0.530,0.591,0.115,0.311,-0.018,0.070
1/1/17,0.739,2.23,1.970,1.914,2.500,0.315,-1.670,2.128,2.174,0.307,0.478,0.000,0.000,-2.709,-0.028,0.137,0.067,-0.072,0.040
2/1/17,0.689,2.22,1.830,1.893,2.738,0.081,-1.918,-2.083,2.128,0.307,0.478,0.000,0.000,1.211,-0.230,0.111,-0.187,-0.086,0.090
3/1/17,0.675,2.20,1.560,1.734,2.381,0.297,-1.371,-4.255,-2.083,0.307,0.478,0.000,0.000,-0.315,0.171,-0.029,0.101,-0.008,0.080
4/1/17,0.702,2.27,1.500,1.489,2.200,0.085,-1.160,-2.222,-4.255,0.757,0.808,0.000,0.000,-0.258,0.484,0.141,0.461,-0.076,0.170
5/1/17,0.698,2.25,1.230,1.400,1.875,0.091,-0.755,-2.273,-2.222,0.757,0.808,0.000,0.000,-1.789,-0.093,0.187,-0.014,-0.076,-0.110
6/1/17,0.691,2.18,1.290,1.188,1.633,-0.069,-0.433,2.326,-2.273,0.757,0.808,0.000,0.000,-1.681,0.191,0.194,-0.040,-0.034,0.210
7/1/17,0.692,2.07,1.180,1.232,1.728,0.299,-0.508,-2.273,2.326,0.739,0.583,0.000,0.000,-2.982,-0.121,-0.008,-0.098,-0.068,0.020
8/1/17,0.676,2.10,1.140,1.177,1.939,0.529,-0.709,2.326,-2.273,0.739,0.583,0.000,0.000,-0.047,-0.110,-0.013,-0.243,-0.095,0.080
9/1/17,0.674,2.10,1.330,1.156,2.233,-0.063,-0.953,-4.545,2.326,0.739,0.583,0.000,0.000,0.395,0.153,-0.026,-0.051,-0.012,0.100