DATE,CPI,SP500,SP500TR,Wil5000
4/1/57,27.9,44.11,,
5/1/57,28,45.74,,
6/1/57,28.1,47.43,,
7/1/57,28.3,47.37,,
8/1/57,28.3,47.91,,
9/1/57,28.3,45.22,,
10/1/57,28.3,42.42,,
11/1/57,28.4,41.06,,
12/1/57,28.4,41.72,,
1/1/58,28.6,39.99,,
2/1/58,28.6,41.7,,
3/1/58,28.8,40.84,,
4/1/58,28.9,42.1,,
5/1/58,28.9,43.44,,
6/1/58,28.9,44.09,,
7/1/58,29,45.24,,
8/1/58,28.9,47.19,,
9/1/58,28.9,47.75,,
10/1/58,28.9,50.06,,
11/1/58,29,51.33,,
12/1/58,28.9,52.48,,
1/1/59,29,55.21,,
2/1/59,28.9,55.42,,
3/1/59,28.9,55.41,,
4/1/59,29,55.44,,
5/1/59,29,57.59,,
6/1/59,29.1,58.68,,
7/1/59,29.2,58.47,,
8/1/59,29.2,60.51,,
9/1/59,29.3,59.6,,
10/1/59,29.4,56.88,,
11/1/59,29.4,57.52,,
12/1/59,29.4,58.28,,
1/1/60,29.3,59.89,,
2/1/60,29.4,55.61,,
3/1/60,29.4,56.12,,
4/1/60,29.5,55.34,,
5/1/60,29.5,54.37,,
6/1/60,29.6,55.83,,
7/1/60,29.6,56.92,,
8/1/60,29.6,55.51,,
9/1/60,29.6,56.96,,
10/1/60,29.8,53.52,,
11/1/60,29.8,53.39,,
12/1/60,29.8,55.54,,
1/1/61,29.8,58.11,,
2/1/61,29.8,61.78,,
3/1/61,29.8,63.44,,
4/1/61,29.8,65.06,,
5/1/61,29.8,65.31,,
6/1/61,29.8,66.56,,
7/1/61,30,64.64,,
8/1/61,29.9,66.76,,
9/1/61,30,68.07,,
10/1/61,30,66.73,,
11/1/61,30,68.62,,
12/1/61,30,71.32,,
1/1/62,30,71.55,,
2/1/62,30.1,68.84,,
3/1/62,30.1,69.96,,
4/1/62,30.2,69.55,,
5/1/62,30.2,65.24,,
6/1/62,30.2,59.63,,
7/1/62,30.3,54.75,,
8/1/62,30.3,58.23,,
9/1/62,30.4,59.12,,
10/1/62,30.4,56.27,,
11/1/62,30.4,56.52,,
12/1/62,30.4,62.26,,
1/1/63,30.4,63.1,,
2/1/63,30.4,66.2,,
3/1/63,30.5,64.29,,
4/1/63,30.5,66.57,,
5/1/63,30.5,69.8,,
6/1/63,30.6,70.8,,
7/1/63,30.7,69.37,,
8/1/63,30.7,69.13,,
9/1/63,30.7,72.5,,
10/1/63,30.8,71.7,,
11/1/63,30.8,74.01,,
12/1/63,30.9,73.23,,
1/1/64,30.9,75.02,,
2/1/64,30.9,77.04,,
3/1/64,30.9,77.8,,
4/1/64,30.9,78.98,,
5/1/64,30.9,79.46,,
6/1/64,31,80.37,,
7/1/64,31.1,81.69,,
8/1/64,31,83.18,,
9/1/64,31.1,81.83,,
10/1/64,31.1,84.18,,
11/1/64,31.2,84.86,,
12/1/64,31.2,84.42,,
1/1/65,31.2,84.75,,
2/1/65,31.2,87.56,,
3/1/65,31.3,87.43,,
4/1/65,31.4,86.16,,
5/1/65,31.4,89.11,,
6/1/65,31.6,88.42,,
7/1/65,31.6,84.12,,
8/1/65,31.6,85.25,,
9/1/65,31.6,87.17,,
10/1/65,31.7,89.96,,
11/1/65,31.7,92.42,,
12/1/65,31.8,91.61,,
1/1/66,31.8,92.43,,
2/1/66,32,92.88,,
3/1/66,32.1,91.22,,
4/1/66,32.3,89.23,,
5/1/66,32.3,91.06,,
6/1/66,32.4,86.13,,
7/1/66,32.5,84.74,,
8/1/66,32.7,83.6,,
9/1/66,32.7,77.1,,
10/1/66,32.9,76.56,,
11/1/66,32.9,80.2,,
12/1/66,32.9,80.45,,
1/1/67,32.9,80.33,,
2/1/67,32.9,86.61,,
3/1/67,33,86.78,,
4/1/67,33.1,90.2,,
5/1/67,33.2,94.01,,
6/1/67,33.3,89.08,,
7/1/67,33.4,90.64,,
8/1/67,33.5,94.75,,
9/1/67,33.6,93.64,,
10/1/67,33.7,96.71,,
11/1/67,33.8,93.9,,
12/1/67,33.9,94,,
1/1/68,34.1,96.47,,
2/1/68,34.2,92.24,,
3/1/68,34.3,89.36,,
4/1/68,34.4,90.2,,
5/1/68,34.5,97.59,,
6/1/68,34.7,98.68,,
7/1/68,34.9,99.58,,
8/1/68,35,97.74,,
9/1/68,35.1,98.86,,
10/1/68,35.3,102.67,,
11/1/68,35.4,103.41,,
12/1/68,35.5,108.37,,
1/1/69,35.6,103.86,,
2/1/69,35.8,103.01,,
3/1/69,36.1,98.13,,
4/1/69,36.3,101.51,,
5/1/69,36.4,103.69,,
6/1/69,36.6,103.46,,
7/1/69,36.8,97.71,,
8/1/69,37,91.83,,
9/1/69,37.1,95.51,,
10/1/69,37.3,93.12,,
11/1/69,37.5,97.24,,
12/1/69,37.7,93.81,,
1/1/70,37.8,92.06,,
2/1/70,38,85.02,,
3/1/70,38.2,89.5,,
4/1/70,38.5,89.63,,
5/1/70,38.6,81.52,,
6/1/70,38.8,76.55,,
7/1/70,39,72.72,,
8/1/70,39,78.05,,
9/1/70,39.2,81.52,,
10/1/70,39.4,84.21,,
11/1/70,39.6,83.25,,
12/1/70,39.8,87.2,,
1/1/71,39.8,92.15,,1
2/1/71,39.9,95.88,,1.05
3/1/71,40,96.75,,1.07
4/1/71,40.1,100.31,,1.12
5/1/71,40.3,103.95,,1.16
6/1/71,40.6,99.63,,1.12
7/1/71,40.7,99.7,,1.13
8/1/71,40.8,95.58,,1.09
9/1/71,40.8,99.03,,1.13
10/1/71,40.9,98.34,,1.12
11/1/71,40.9,94.23,,1.08
12/1/71,41.1,93.99,,1.08
1/1/72,41.1,102.09,,1.18
2/1/72,41.3,103.94,,1.21
3/1/72,41.4,106.57,,1.25
4/1/72,41.5,107.2,,1.26
5/1/72,41.6,107.67,,1.27
6/1/72,41.7,109.53,,1.3
7/1/72,41.9,107.14,,1.27
8/1/72,42,107.39,,1.27
9/1/72,42.1,111.09,,1.31
10/1/72,42.3,110.55,,1.3
11/1/72,42.4,111.58,,1.31
12/1/72,42.5,116.67,,1.37
1/1/73,42.6,118.05,,1.39
2/1/73,42.9,116.03,,1.35
3/1/73,43.3,111.68,,1.29
4/1/73,43.6,111.52,,1.28
5/1/73,43.9,106.97,,1.22
6/1/73,44.2,104.95,,1.19
7/1/73,44.3,104.26,,1.18
8/1/73,45.1,108.22,,1.25
9/1/73,45.2,104.25,,1.21
10/1/73,45.6,108.43,,1.27
11/1/73,45.9,108.29,,1.28
12/1/73,46.2,95.96,,1.12
1/1/74,46.6,97.55,,1.13
2/1/74,47.2,96.57,,1.14
3/1/74,47.8,96.22,,1.14
4/1/74,48,93.98,,1.11
5/1/74,48.6,90.31,,1.06
6/1/74,49,87.28,,1.01
7/1/74,49.4,86,,0.99
8/1/74,50,79.31,,0.92
9/1/74,50.6,72.15,,0.84
10/1/74,51.1,63.54,,0.74
11/1/74,51.5,73.9,,0.87
12/1/74,51.9,69.97,,0.83
1/1/75,52.1,68.56,,0.81
2/1/75,52.5,76.98,,0.93
3/1/75,52.7,81.59,,0.99
4/1/75,52.9,83.36,,1.01
5/1/75,53.2,87.3,,1.06
6/1/75,53.6,91.15,,1.12
7/1/75,54.2,95.19,,1.18
8/1/75,54.3,88.75,,1.11
9/1/75,54.6,86.88,,1.08
10/1/75,54.9,83.87,,1.04
11/1/75,55.3,89.04,,1.1
12/1/75,55.5,91.24,,1.13
1/1/76,55.6,90.19,,1.12
2/1/76,55.8,100.86,,1.26
3/1/76,55.9,99.71,,1.27
4/1/76,56.1,102.77,,1.3
5/1/76,56.5,101.64,,1.29
6/1/76,56.8,100.18,,1.28
7/1/76,57.1,104.28,,1.33
8/1/76,57.4,103.44,,1.33
9/1/76,57.6,102.91,,1.32
10/1/76,57.9,105.24,,1.36
11/1/76,58,102.9,,1.33
12/1/76,58.2,102.1,,1.34
1/1/77,58.5,107.46,,1.42
2/1/77,59.1,102.03,,1.37
3/1/77,59.5,99.82,,1.35
4/1/77,60,98.42,,1.34
5/1/77,60.3,98.44,,1.35
6/1/77,60.7,96.12,,1.33
7/1/77,61,100.48,,1.4
8/1/77,61.2,98.85,,1.38
9/1/77,61.4,96.77,,1.36
10/1/77,61.6,96.53,,1.36
11/1/77,61.9,92.34,,1.31
12/1/77,62.1,94.83,,1.37
1/1/78,62.5,95.1,,1.38
2/1/78,62.9,89.25,,1.31
3/1/78,63.4,87.04,,1.29
4/1/78,63.9,89.21,,1.34
5/1/78,64.5,96.83,,1.45
6/1/78,65.2,97.24,,1.48
7/1/78,65.7,95.53,,1.47
8/1/78,66,100.68,,1.55
9/1/78,66.5,103.29,,1.62
10/1/78,67.1,102.54,,1.61
11/1/78,67.4,93.15,,1.44
12/1/78,67.7,94.7,,1.48
1/1/79,68.3,96.11,,1.51
2/1/79,69.1,99.93,,1.58
3/1/79,69.8,96.28,,1.55
4/1/79,70.6,101.59,,1.65
5/1/79,71.5,101.76,,1.67
6/1/79,72.3,99.08,,1.64
7/1/79,73.1,102.91,,1.73
8/1/79,73.8,103.81,,1.75
9/1/79,74.6,109.32,,1.86
10/1/79,75.2,109.32,,1.87
11/1/79,75.9,101.82,,1.74
12/1/79,76.7,106.16,,1.85
1/1/80,77.8,107.94,,1.9
2/1/80,78.9,114.16,,2.03
3/1/80,80.1,113.66,,2.04
4/1/80,81,102.09,,1.79
5/1/80,81.8,106.29,,1.88
6/1/80,82.7,111.24,,1.99
7/1/80,82.7,114.24,,2.06
8/1/80,83.3,121.67,,2.2
9/1/80,84,122.38,,2.26
10/1/80,84.8,125.46,,2.32
11/1/80,85.5,127.47,,2.38
12/1/80,86.3,140.52,,2.64
1/1/81,87,135.76,,2.54
2/1/81,87.9,129.55,,2.43
3/1/81,88.5,131.27,,2.46
4/1/81,89.1,136,,2.58
5/1/81,89.8,132.81,,2.56
6/1/81,90.6,132.59,,2.6
7/1/81,91.6,131.21,,2.58
8/1/81,92.3,130.92,,2.56
9/1/81,93.2,122.79,,2.42
10/1/81,93.4,116.18,,2.26
11/1/81,93.7,121.89,,2.4
12/1/81,94,126.35,,2.51
1/1/82,94.3,122.55,,2.44
2/1/82,94.6,120.4,,2.37
3/1/82,94.5,113.11,,2.24
4/1/82,94.9,111.96,,2.22
5/1/82,95.8,116.44,,2.31
6/1/82,97,111.88,,2.25
7/1/82,97.5,109.61,,2.19
8/1/82,97.7,107.09,,2.15
9/1/82,97.9,119.51,,2.4
10/1/82,98.2,120.42,,2.44
11/1/82,98,133.71,,2.73
12/1/82,97.6,138.54,,2.86
1/1/83,97.8,140.64,,2.9
2/1/83,97.9,145.3,,3.02
3/1/83,97.9,148.06,,3.11
4/1/83,98.6,152.96,,3.23
5/1/83,99.2,164.42,,3.47
6/1/83,99.5,162.39,,3.51
7/1/83,99.9,168.11,,3.65
8/1/83,100.2,162.56,,3.54
9/1/83,100.7,164.4,,3.56
10/1/83,101,166.07,,3.62
11/1/83,101.2,163.55,,3.52
12/1/83,101.3,166.4,,3.62
1/1/84,101.9,164.93,,3.58
2/1/84,102.4,163.41,,3.52
3/1/84,102.6,157.06,,3.38
4/1/84,103.1,159.18,,3.43
5/1/84,103.4,160.05,,3.44
6/1/84,103.7,150.55,,3.25
7/1/84,104.1,153.18,,3.33
8/1/84,104.5,150.66,,3.27
9/1/84,105,166.68,,3.64
10/1/84,105.3,166.1,,3.64
11/1/84,105.3,166.09,,3.64
12/1/84,105.3,163.58,,3.6
1/1/85,105.5,167.24,,3.69
2/1/85,106,179.63,,4.01
3/1/85,106.4,181.19,,4.07
4/1/85,106.9,180.66,,4.07
5/1/85,107.3,179.83,,4.06
6/1/85,107.6,189.55,,4.29
7/1/85,107.8,191.85,,4.37
8/1/85,108,190.92,,4.37
9/1/85,108.3,188.63,,4.36
10/1/85,108.7,182.08,,4.19
11/1/85,109,189.82,,4.37
12/1/85,109.3,202.17,,4.67
1/1/86,109.6,211.28,,4.89
2/1/86,109.3,211.78,,4.94
3/1/86,108.8,226.92,,5.3
4/1/86,108.6,238.9,,5.59
5/1/86,108.9,235.52,,5.55
6/1/86,109.5,247.35,,5.83
7/1/86,109.5,250.84,,5.91
8/1/86,109.7,236.12,,5.56
9/1/86,110.2,252.93,,5.93
10/1/86,110.3,231.32,,5.46
11/1/86,110.4,243.98,,5.73
12/1/86,110.5,249.22,,5.82
1/1/87,111.2,242.17,,5.67
2/1/87,111.6,274.08,,6.4
3/1/87,112.1,284.2,,6.71
4/1/87,112.7,291.7,,6.87
5/1/87,113.1,288.36,,6.76
6/1/87,113.5,290.1,,6.8
7/1/87,113.8,304,,7.1
8/1/87,114.4,318.66,,7.42
9/1/87,115,329.8,,7.7
10/1/87,115.3,321.83,,7.54
11/1/87,115.4,251.79,,5.82
12/1/87,115.4,230.3,,5.41
1/1/88,115.7,247.08,257.470001,5.8
2/1/88,116,257.07,269.480011,6.05
3/1/88,116.5,267.82,261.149994,6.37
4/1/88,117.1,258.89,264.040009,6.27
5/1/88,117.5,261.33,266.320007,6.34
6/1/88,118,262.16,278.540009,6.35
7/1/88,118.5,273.5,277.48999,6.68
8/1/88,119,272.02,268.070007,6.63
9/1/88,119.8,261.52,279.48999,6.44
10/1/88,120.2,271.91,287.269989,6.69
11/1/88,120.3,278.97,283.179993,6.82
12/1/88,120.5,273.7,288.119995,6.7
1/1/89,121.1,277.72,309.209991,6.84
2/1/89,121.6,297.47,301.51001,7.31
3/1/89,122.3,288.86,308.540009,7.19
4/1/89,123.1,294.87,324.559998,7.35
5/1/89,123.8,309.64,337.690002,7.71
6/1/89,124.1,320.52,335.779999,8.03
7/1/89,124.4,317.98,366.100006,7.98
8/1/89,124.6,346.08,373.25,8.61
9/1/89,125,351.45,371.73999,8.8
10/1/89,125.6,349.15,363.109985,8.79
11/1/89,125.9,340.36,370.51001,8.53
12/1/89,126.1,345.99,379.410004,8.68
1/1/90,127.4,353.4,353.940002,8.84
2/1/90,128,329.08,358.5,8.19
3/1/90,128.7,331.89,368,8.32
4/1/90,128.9,339.94,358.820007,8.53
5/1/90,129.2,330.8,393.799988,8.28
6/1/90,129.9,361.23,391.140015,9.04
7/1/90,130.4,358.02,389.890015,9
8/1/90,131.6,356.15,354.649994,8.91
9/1/90,132.7,322.56,337.390015,8.07
10/1/90,133.5,306.05,335.950012,7.63
11/1/90,133.8,304,357.670013,7.53
12/1/90,133.8,322.22,367.630005,8.04
1/1/91,134.6,330.22,383.640015,8.29
2/1/91,134.8,343.93,411.079987,8.7
3/1/91,135,367.07,421.029999,9.37
4/1/91,135.2,375.22,422.029999,9.66
5/1/91,135.6,375.35,440.23999,9.69
6/1/91,136,389.83,420.070007,10.08
7/1/91,136.2,371.16,439.649994,9.63
8/1/91,136.6,387.81,450.059998,10.08
9/1/91,137.2,395.43,442.529999,10.36
10/1/91,137.4,387.86,448.480011,10.24
11/1/91,137.8,392.46,430.410004,10.43
12/1/91,137.9,375.22,479.630005,10.03
1/1/92,138.1,417.09,470.700012,11.13
2/1/92,138.6,408.79,476.790009,11.11
3/1/92,139.3,412.7,467.519989,11.26
4/1/92,139.5,403.69,481.25,10.98
5/1/92,139.7,414.95,483.600006,11.13
6/1/92,140.2,415.35,476.410004,11.2
7/1/92,140.5,408.14,495.869995,10.97
8/1/92,140.9,424.21,485.720001,11.41
9/1/92,141.3,414.03,491.429993,11.17
10/1/92,141.8,417.8,493.130005,11.31
11/1/92,142,418.68,509.920013,11.44
12/1/92,141.9,431.35,516.179993,11.92
1/1/93,142.6,435.71,520.48999,12.13
2/1/93,143.1,438.78,527.590027,12.28
3/1/93,143.6,443.38,538.719971,12.33
4/1/93,144,451.67,525.700012,12.64
5/1/93,144.2,440.19,539.76001,12.3
6/1/93,144.4,450.19,541.340027,12.68
7/1/93,144.4,450.53,539.159973,12.74
8/1/93,144.8,448.13,559.619995,12.74
9/1/93,145.1,463.56,555.330017,13.23
10/1/93,145.7,458.93,566.820007,13.26
11/1/93,145.8,467.83,561.409973,13.48
12/1/93,145.8,461.79,568.200012,13.26
1/1/94,146.2,466.45,587.52002,13.5
2/1/94,146.7,481.61,571.570007,13.92
3/1/94,147.2,467.14,546.650024,13.61
4/1/94,147.4,445.77,553.659973,12.99
5/1/94,147.5,450.91,562.75,13.12
6/1/94,148,456.51,548.960022,13.25
7/1/94,148.4,444.27,566.97998,12.89
8/1/94,149,458.25,590.22998,13.27
9/1/94,149.4,475.5,575.799988,13.86
10/1/94,149.5,462.71,588.72998,13.59
11/1/94,149.7,472.35,567.289978,13.81
12/1/94,149.7,453.69,575.710022,13.31
1/1/95,150.3,459.27,590.640015,13.49
2/1/95,150.9,470.42,613.650024,13.78
3/1/95,151.4,487.39,631.76001,14.33
4/1/95,151.9,500.71,650.359985,14.71
5/1/95,152.2,514.71,676.359985,15.07
6/1/95,152.5,533.4,692.070007,15.58
7/1/95,152.5,544.75,715.02002,16.08
8/1/95,152.9,562.06,716.820007,16.74
9/1/95,153.2,561.88,747.070007,16.9
10/1/95,153.7,584.41,744.400024,17.55
11/1/95,153.6,581.5,777.070007,17.37
12/1/95,153.5,605.37,792.039978,18.11
1/1/96,154.4,615.93,819,18.4
2/1/96,154.9,636.02,826.590027,18.9
3/1/96,155.7,640.43,834.549988,19.23
4/1/96,156.3,645.5,846.849976,19.44
5/1/96,156.6,654.17,868.690002,19.92
6/1/96,156.7,669.12,872.01001,20.46
7/1/96,157,670.63,833.47998,20.29
8/1/96,157.3,639.95,851.059998,19.2
9/1/96,157.8,651.99,898.969971,19.81
10/1/96,158.3,687.31,923.76001,20.87
11/1/96,158.6,705.27,993.580017,21.16
12/1/96,158.6,757.02,973.900024,22.56
1/1/97,159.1,740.74,1034.73999,22.31
2/1/97,159.6,786.16,1042.849976,23.5
3/1/97,160,790.82,1000,23.49
4/1/97,160.2,757.12,1059.699951,22.45
5/1/97,160.1,801.34,1124.219971,23.43
6/1/97,160.3,848.28,1174.589966,25.09
7/1/97,160.5,885.14,1268.050049,26.24
8/1/97,160.8,954.29,1197.01001,28.26
9/1/97,161.2,899.47,1262.560059,27.2
10/1/97,161.6,947.28,1220.400024,28.8
11/1/97,161.5,914.62,1276.890015,27.85
12/1/97,161.3,955.4,1298.819946,28.76
1/1/98,161.6,970.43,1313.189941,29.29
2/1/98,161.9,980.28,1407.900024,29.45
3/1/98,162.2,1049.34,1480,31.59
4/1/98,162.5,1101.75,1494.890015,33.17
5/1/98,162.8,1111.75,1469.189941,33.57
6/1/98,163,1090.82,1528.869995,32.67
7/1/98,163.2,1133.84,1512.589966,33.82
8/1/98,163.4,1120.67,1293.900024,33.08
9/1/98,163.6,957.28,1376.790039,27.93
10/1/98,164,1017.01,1488.780029,29.75
11/1/98,164,1098.67,1579.02002,31.96
12/1/98,163.9,1163.63,1670.01001,33.98
1/1/99,164.3,1229.23,1739.839966,36.15
2/1/99,164.5,1279.64,1685.77002,37.48
3/1/99,165,1238.33,1753.209961,36.12
4/1/99,166.2,1286.37,1821.109985,37.52
5/1/99,166.2,1335.18,1778.099976,39.31
6/1/99,166.2,1301.84,1876.780029,38.45
7/1/99,166.7,1372.71,1818.180054,40.44
8/1/99,167.1,1328.72,1809.189941,39.15
9/1/99,167.9,1320.41,1759.589966,38.78
10/1/99,168.2,1282.71,1870.939941,37.77
11/1/99,168.3,1362.93,1908.969971,40.17
12/1/99,168.3,1388.91,2021.400024,41.52
1/1/00,168.8,1469.25,1919.839966,44.67
2/1/00,169.8,1394.46,1883.5,42.81
3/1/00,171.2,1366.42,2067.76001,43.77
4/1/00,171.3,1498.58,2005.550049,46.37
5/1/00,171.5,1452.43,1964.400024,43.96
6/1/00,172.4,1420.6,2012.829956,42.42
7/1/00,172.8,1454.6,1981.359985,44.29
8/1/00,172.8,1430.83,2104.429932,43.39
9/1/00,173.7,1517.68,1993.329956,46.54
10/1/00,174,1436.51,1984.910034,44.37
11/1/00,174.1,1429.4,1828.420044,43.42
12/1/00,174,1314.95,1837.369995,39.1
1/1/01,175.1,1320.28,1902.550049,39.8
2/1/01,175.8,1366.01,1729.079956,41.33
3/1/01,176.2,1239.94,1619.540039,37.41
4/1/01,176.9,1160.33,1745.390015,34.89
5/1/01,177.7,1249.46,1757.089966,37.76
6/1/01,178,1255.82,1714.319946,38.14
7/1/01,177.5,1224.42,1697.449951,37.5
8/1/01,177.5,1211.23,1591.180054,36.88
9/1/01,178.3,1133.58,1462.689941,34.65
10/1/01,177.7,1040.94,1490.579956,31.53
11/1/01,177.4,1059.78,1604.920044,32.34
12/1/01,176.7,1139.45,1618.97998,34.81
1/1/02,177.1,1148.08,1595.349976,35.43
2/1/02,177.8,1130.2,1564.589966,34.99
3/1/02,178.8,1106.73,1623.430054,34.27
4/1/02,179.8,1147.39,1525,35.77
5/1/02,179.8,1076.92,1513.77002,34.03
6/1/02,179.9,1067.14,1405.939941,33.63
7/1/02,180.1,989.81,1296.339966,31.26
8/1/02,180.7,911.62,1304.859985,28.74
9/1/02,181,916.07,1163.040039,28.91
10/1/02,181.3,815.29,1265.410034,26.01
11/1/02,181.3,885.76,1339.890015,28
12/1/02,180.9,936.31,1261.180054,29.69
1/1/03,181.7,879.82,1228.140015,28.04
2/1/03,183.1,855.7,1209.709961,27.34
3/1/03,184.2,841.15,1221.459961,26.87
4/1/03,183.8,848.18,1322.069946,27.18
5/1/03,183.5,916.92,1391.719971,29.41
6/1/03,183.7,963.59,1409.47998,31.2
7/1/03,183.9,974.5,1434.329956,31.66
8/1/03,184.6,990.31,1462.300049,32.43
9/1/03,185.2,1008.01,1446.77002,33.2
10/1/03,185,995.97,1528.619995,32.84
11/1/03,184.5,1050.71,1542.069946,34.84
12/1/03,184.3,1058.2,1622.939941,35.33
1/1/04,185.2,1111.92,1652.72998,36.92
2/1/04,186.2,1131.13,1675.699951,37.74
3/1/04,187.4,1144.94,1650.420044,38.29
4/1/04,188,1126.21,1624.51001,37.88
5/1/04,189.1,1107.3,1646.800049,37.07
6/1/04,189.7,1120.68,1678.829956,37.58
7/1/04,189.4,1140.84,1623.26001,38.37
8/1/04,189.5,1101.72,1629.829956,36.9
9/1/04,189.9,1104.24,1647.47998,37.02
10/1/04,190.9,1114.58,1672.650024,37.68
11/1/04,191,1130.2,1740.329956,38.33
12/1/04,190.3,1173.82,1799.550049,40.12
1/1/05,190.7,1211.92,1755.680054,41.58
2/1/05,191.8,1181.27,1792.630005,40.47
3/1/05,193.3,1203.6,1760.890015,41.31
4/1/05,194.6,1180.59,1727.48999,40.58
5/1/05,194.4,1156.85,1782.459961,39.67
6/1/05,194.5,1191.5,1784.98999,41.21
7/1/05,195.4,1191.33,1851.369995,41.58
8/1/05,196.4,1234.18,1834.47998,43.33
9/1/05,198.8,1220.33,1849.329956,42.9
10/1/05,199.2,1228.81,1818.5,43.2
11/1/05,197.6,1207.01,1887.280029,42.45
12/1/05,196.8,1249.48,1887.939941,44.16
1/1/06,198.3,1248.29,1937.930054,44.2
2/1/06,198.7,1280.08,1943.189941,45.78
3/1/06,199.8,1280.66,1967.380005,45.76
4/1/06,201.5,1294.83,1993.790039,46.65
5/1/06,202.5,1310.61,1936.410034,47.14
6/1/06,202.9,1270.09,1939.030029,45.67
7/1/06,203.5,1270.2,1951,45.76
8/1/06,203.9,1276.66,1997.420044,45.59
9/1/06,202.9,1303.82,2048.889893,46.66
10/1/06,201.8,1335.85,2115.649902,47.73
11/1/06,201.5,1377.94,2155.889893,49.5
12/1/06,201.8,1400.63,2186.129883,50.65
1/1/07,202.416,1418.3,2219.189941,51.22
2/1/07,203.499,1438.24,2175.780029,52.26
3/1/07,205.352,1406.82,2200.120117,51.42
4/1/07,206.686,1420.86,2297.580078,51.98
5/1/07,207.949,1482.37,2377.75,53.99
6/1/07,208.352,1530.62,2338.25,55.94
7/1/07,208.299,1503.35,2265.75,55.09
8/1/07,207.917,1455.27,2299.709961,53.23
9/1/07,208.49,1473.99,2385.719971,53.93
10/1/07,208.936,1526.75,2423.669922,55.88
11/1/07,210.177,1549.38,2322.340088,57.07
12/1/07,210.036,1481.14,2306.22998,54.48
1/1/08,211.08,1468.36,2167.899902,54.16
2/1/08,211.693,1378.55,2097.47998,50.85
3/1/08,213.528,1330.63,2088.419922,49.33
4/1/08,214.823,1322.7,2190.129883,48.95
5/1/08,216.632,1385.59,2218.5,51.43
6/1/08,218.815,1400.38,2031.469971,52.53
7/1/08,219.964,1280,2014.390015,48.23
8/1/08,219.086,1267.38,2043.530029,47.83
9/1/08,218.783,1282.83,1861.439941,48.58
10/1/08,216.573,1166.36,1548.810059,44.03
11/1/08,212.425,968.75,1437.680054,36.28
12/1/08,210.228,896.24,1452.97998,33.32
1/1/09,211.143,903.25,1330.51001,33.94
2/1/09,212.193,825.88,1188.839966,31.17
3/1/09,212.709,735.09,1292.97998,28.05
4/1/09,213.24,797.87,1416.72998,30.51
5/1/09,213.856,872.81,1495.969971,33.75
6/1/09,215.693,919.14,1498.939941,35.52
7/1/09,215.351,919.32,1612.310059,35.63
8/1/09,215.834,987.48,1670.52002,38.42
9/1/09,215.969,1020.62,1732.859985,39.79
10/1/09,216.177,1057.08,1700.670044,41.45
11/1/09,216.33,1036.19,1802.680054,40.39
12/1/09,215.949,1095.63,1837.5,42.68
1/1/10,216.687,1115.1,1771.400024,43.92
2/1/10,216.741,1073.87,1826.27002,42.43
3/1/10,217.631,1104.49,1936.47998,43.9
4/1/10,218.009,1169.43,1967.050049,46.67
5/1/10,218.178,1186.69,1809.97998,47.7
6/1/10,217.965,1089.41,1715.22998,43.92
7/1/10,218.011,1030.71,1835.400024,41.52
8/1/10,218.312,1101.6,1752.550049,44.45
9/1/10,218.439,1049.33,1908.949951,42.37
10/1/10,218.711,1141.2,1981.589966,46.37
11/1/10,218.803,1183.26,1981.839966,48.23
12/1/10,219.179,1180.55,2114.290039,48.53
1/1/11,220.223,1257.64,2164.399902,51.77
2/1/11,221.309,1286.12,2238.550049,52.82
3/1/11,223.467,1327.22,2239.439941,54.69
4/1/11,224.906,1325.83,2305.76001,54.88
5/1/11,225.964,1363.61,2279.659912,56.47
6/1/11,225.722,1345.2,2241.659912,55.77
7/1/11,225.922,1320.64,2196.080078,54.82
8/1/11,226.545,1292.28,2076.780029,53.61
9/1/11,226.889,1218.89,1930.790039,50.42
10/1/11,226.421,1131.42,2141.810059,46.52
11/1/11,226.23,1253.3,2137.080078,51.88
12/1/11,225.672,1246.96,2158.939941,51.64
1/1/12,226.665,1257.6,2255.689941,52.08
2/1/12,227.663,1312.41,2353.22998,54.7
3/1/12,229.392,1365.68,2430.669922,57.05
4/1/12,230.085,1408.47,2415.419922,58.73
5/1/12,229.815,1397.91,2270.25,58.34
6/1/12,229.478,1310.33,2363.790039,54.71
7/1/12,229.104,1362.16,2396.620117,56.86
8/1/12,230.379,1379.32,2450.600098,57.37
9/1/12,231.407,1406.58,2513.929932,58.76
10/1/12,231.317,1440.67,2467.51001,60.31
11/1/12,230.221,1412.16,2481.820068,59.3
12/1/12,229.601,1416.18,2504.439941,59.77
1/1/13,230.28,1426.19,2634.159912,60.47
2/1/13,232.166,1498.11,2669.919922,63.89
3/1/13,232.773,1514.68,2770.050049,64.72
4/1/13,232.531,1569.19,2823.419922,67.26
5/1/13,232.945,1597.57,2889.459961,68.42
6/1/13,233.504,1630.74,2850.659912,70
7/1/13,233.596,1606.28,2995.719971,69.21
8/1/13,233.877,1685.73,2908.959961,72.94
9/1/13,234.149,1632.97,3000.179932,70.91
10/1/13,233.546,1681.55,3138.090088,73.59
11/1/13,233.069,1756.54,3233.719971,76.67
12/1/13,233.049,1805.81,3315.590088,78.84
1/1/14,233.916,1848.36,3200.949951,81.04
2/1/14,234.781,1782.59,3347.379883,78.65
3/1/14,236.293,1859.45,3375.51001,82.29
4/1/14,237.072,1872.34,3400.459961,82.61
5/1/14,237.9,1883.95,3480.290039,82.55
6/1/14,238.343,1923.57,3552.179932,84.35
7/1/14,238.25,1960.23,3503.189941,86.61
8/1/14,237.852,1930.67,3643.330078,84.84
9/1/14,238.031,2003.37,3592.25,88.44
10/1/14,237.433,1972.29,3679.98999,86.59
11/1/14,236.151,2018.05,3778.959961,88.77
12/1/14,234.812,2067.56,3769.439941,90.94
1/1/15,233.707,2058.9,3656.280029,90.82
2/1/15,234.722,1994.99,3866.419922,88.36
3/1/15,236.119,2104.5,3805.27002,93.39
4/1/15,236.599,2067.89,3841.780029,92.43
5/1/15,237.805,2085.51,3891.179932,92.89
6/1/15,238.638,2107.39,3815.850098,94.04
7/1/15,238.654,2063.11,3895.800049,92.43
8/1/15,238.316,2103.84,3660.75,93.96
9/1/15,237.945,1972.18,3570.169922,88.32
10/1/15,237.838,1920.03,3871.330078,85.57
11/1/15,237.336,2079.36,3882.840088,92.18
12/1/15,236.525,2080.41,3821.600098,92.54
1/1/16,236.916,2043.94,3631.959961,90.61
2/1/16,237.111,1940.24,3627.060059,85.39
3/1/16,238.132,1932.23,3873.110107,85.34
4/1/16,239.261,2059.74,3888.129883,91.35
5/1/16,240.229,2065.3,3957.949951,92.12
6/1/16,241.018,2096.96,3968.209961,93.72
7/1/16,240.628,2098.86,4114.509766,93.95
8/1/16,240.849,2173.6,4120.290039,97.69
9/1/16,241.428,2170.95,4121.060059,97.99
10/1/16,241.729,2168.27,4045.889893,98.21
11/1/16,241.353,2126.15,4195.72998,96.12
12/1/16,241.432,2198.81,4278.660156,100.48
1/1/17,242.839,2238.83,4359.810059,102.42
2/1/17,243.603,2278.87,4532.930176,104.43
3/1/17,243.801,2363.64,4538.209961,108.13
4/1/17,244.524,2362.72,4584.819824,108.27
5/1/17,244.733,2384.2,4649.339844,109.46
6/1/17,244.955,2411.8,4678.359863,110.5
7/1/17,244.786,2423.41,4774.560059,111.48
8/1/17,245.519,2470.3,4789.180176,113.61
9/1/17,246.819,2471.65,4887.970215,113.78
10/1/17,246.663,2519.36,5002.029785,116.5
11/1/17,246.669,2575.26,5155.439941,118.95
12/1/17,246.524,2647.58,5212.759766,122.52
1/1/18,247.867,2673.61,5511.209961,123.92
2/1/18,248.991,2823.81,5308.089844,130.56
3/1/18,249.554,2713.83,5173.189941,125.66
4/1/18,250.546,2640.87,5193.040039,123.05
5/1/18,251.588,2648.05,5318.100098,123.71
6/1/18,251.989,2705.27,5350.830078,127.18
7/1/18,252.006,2718.37,5549.959961,128.11
8/1/18,252.146,2816.29,5730.799805,132.31
9/1/18,252.439,2901.52,5763.419922,137.04